Samples,Actinobacteria,Rubrobacteria,Coriobacteriia,Acidimicrobiia,Nitriliruptoria,Thermoleophilia,Bacilli,Clostridia,Negativicutes,Tissierellia,Erysipelotrichia,Deinococci,Mollicutes,Ardenticatenia,Gammaproteobacteria,Alphaproteobacteria,Betaproteobacteria,Deltaproteobacteria,Epsilonproteobacteria,Oligoflexia,Flavobacteriia,Bacteroidia,Sphingobacteriia,Cytophagia,Chitinophagia,Chlorobia,Gemmatimonadetes,Planctomycetia,Opitutae,Verrucomicrobiae,Fusobacteriia,Vicinamibacteria,Acidobacteriia,Spirochaetia,Synergistia,Malasseziomycetes,Ustilaginomycetes,Tremellomycetes,Eurotiomycetes,Sordariomycetes,Leotiomycetes,Dothideomycetes,Saccharomycetes,Schizosaccharomycetes,Coscinodiscophyceae,Bacillariophyceae,Conoidasida,Aconoidasida,Eumycetozoa,Kinetoplastea,Cryptophyceae,Halobacteria,Methanomicrobia,Methanobacteria,Thermococci,Thermoplasmata,Caudoviricetes,Limnochordia,Gloeobacteria,Thermomicrobia,Chloroflexia,Tepidiformia,Anaerolineae,Caldilineae,Dehalococcoidia,Ktedonobacteria,Fimbriimonadia,Acidithiobacillia,Zetaproteobacteria,Hydrogenophilalia,Saprospiria,Ignavibacteria,Phycisphaerae,Methylacidiphilae,Kiritimatiellae,Lentisphaeria,Chlamydiia,Blastocatellia,Nitrospira,Thermotogae,Aquificae,Deferribacteres,Thermodesulfobacteria,Calditrichae,Chrysiogenetes,Methanococci,Archaeoglobi,Methanopyri,Thermoprotei,Nitrososphaeria,Herviviricetes,Pisoniviricetes,Revtraviricetes,Megaviricetes,Pokkesviricetes,Papovaviricetes,Repensiviricetes,Chthonomonadetes,Fibrobacteria,Chlorarachniophyceae,Candidatus Brocadiae,Quintoviricetes,Monjiviricetes,Coprothermobacteria,Spartobacteria,Endomicrobia,Dictyoglomia,Tectiliviricetes,Candidatus Babeliae,Alsuviricetes,Caldisericia,Elusimicrobia,Ellioviricetes
368257238,0.44945818993581993,0.0005774656621089511,0.0005309583604625926,0.00017827798964437417,0.0001744023811738443,0.00011239264564536632,0.06888506495519797,0.0021277090503209004,0.0015967506898583077,0.0004999534926983536,5.425851858741823e-05,0.002263355346789446,0.0001744023811738443,5.8134127057948096e-05,0.19028074907760517,0.08085681952066474,0.02355207267541004,0.0020889529656156016,0.0004456949741109354,5.0382910116888354e-05,0.014204105044491985,0.002108331007968251,0.0012324434936284996,0.0008642606889281617,0.0004301925402288159,3.875608470529873e-05,0.00010076582023377671,0.0006394753976374291,0.00018215359811490404,0.00011239264564536632,0.0005154559265804731,0.00010851703717483646,8.138777788112734e-05,0.0001588999472917248,4.650730164635848e-05,0.123507890738846,0.0003914364555235172,0.00010076582023377671,0.004317427836170278,0.0013952190493907544,6.200973552847798e-05,0.00043794375716987567,0.0014145970917434037,4.650730164635848e-05,0.005441354292623942,0.000883638731280811,0.0005464607943447121,0.0003643071962298081,0.00016665116423278454,8.138777788112734e-05,3.875608470529873e-05,0.006375375934021641,0.00012401947105695595,7.363656094006759e-05,5.425851858741823e-05,3.875608470529873e-05,0.009347967630918054,0.0,0.0,0.0,0.0,0.0,0.0,0.0,0.0,0.0,0.0,0.0,0.0,0.0,0.0,0.0,0.0,0.0,0.0,0.0,0.0,0.0,0.0,0.0,0.0,0.0,0.0,0.0,0.0,0.0,0.0,0.0,0.0,0.0,0.0,0.0,0.0,0.0,0.0,0.0,0.0,0.0,0.0,0.0,0.0,0.0,0.0,0.0,0.0,0.0,0.0,0.0,0.0,0.0,0.0,0.0,0.0
368257968,0.5572054163048029,0.0008606352663914844,0.0006303286662082641,0.0003397323801132059,0.0002104110038323139,0.00018780237161537472,0.061309787397466085,0.0018530034965003345,0.0007548268676162091,0.0005420042763474217,9.073597729731587e-05,0.0037195721723308323,0.00011907212967587963,6.903169036905427e-05,0.17362585487006518,0.10492726501567382,0.03300739724301295,0.0036393868900680883,0.00027944269420136813,0.00011575619695072856,0.01018775112538235,0.001420123551653339,0.0017770384922514188,0.0010228145214943281,0.0007273950605263229,5.2753475172858066e-05,0.00028486876593343356,0.001132541749853873,0.00031290346988243814,0.00013715903544943097,0.0002471877122385349,0.00013113006685824718,0.00014409234932929232,0.00010731564092307126,3.3460775681069975e-05,0.01910821305289787,0.0007424674820042824,0.00013806338073810853,0.0055906625746047186,0.0022904051677907176,0.00014559959147708825,0.000633343150503856,0.003224292402565085,5.154768145462131e-05,0.0016772590620673274,0.0003119991245937606,0.000437100222860824,0.00018388354203110525,5.3054923602417254e-05,0.00015976766766637014,2.260863221693917e-05,0.002115263630216829,0.0001064112956343937,9.766929117717722e-05,2.833615237856376e-05,1.416807618928188e-05,0.0009468495172454124,2.1402838498702416e-05,2.1101390069143225e-05,6.571575764390319e-05,4.7327403440792664e-05,3.436512096974754e-05,3.104918824459646e-05,1.8388354203110524e-05,1.416807618928188e-05,8.742004457216479e-06,1.3866627759722691e-05,3.225498196283322e-05,6.9333138798613455e-06,5.124623302506212e-06,2.3512977505616738e-05,6.028968591183779e-06,6.631865450302157e-05,5.426071732065401e-06,1.2660834041485936e-05,1.6278215196196202e-05,1.0550695034571613e-05,1.0852143464130802e-05,5.5466511038890764e-05,2.1704286928261604e-05,9.947798175453235e-06,8.742004457216479e-06,7.536210738979724e-06,5.72752016162459e-06,4.823174872947023e-06,5.72752016162459e-06,3.6173811547102675e-06,3.3159327251510784e-06,3.9188295842694565e-05,1.8991251062228903e-05,1.3565179330163503e-05,1.0550695034571613e-05,4.521726443387834e-06,7.837659168538913e-06,6.631865450302157e-06,1.145504032324918e-05,3.6173811547102675e-06,0.0,0.0,0.0,0.0,0.0,0.0,0.0,0.0,0.0,0.0,0.0,0.0,0.0,0.0,0.0,0.0
368258054,0.38915576777094646,0.001745658308754078,0.0016529428467123677,0.0015124209745554004,0.0005374599440230398,0.0005316652276454328,0.0361213645398126,0.008361775732886753,0.000987999142381976,0.00022599393872666903,0.0007301342635784692,0.012991754118594665,0.0003737592063556449,0.00047516674296376566,0.16606208459126967,0.21456530935093382,0.08704533206622202,0.010305903077573867,0.0008923863221514623,0.00011154829026893279,0.01922831761999409,0.0034101905882216593,0.0014588198480625365,0.004377908223282012,0.002891563472425842,0.00017529017042260865,0.0010430489479692417,0.0038187180928429456,0.0005707795631942795,0.0003360935499012001,0.0007084040771624433,0.0007113014353512467,0.00045198787745333806,0.00044184712379252597,8.402338747530002e-05,0.0032667713578758886,0.000509935041229407,0.00010720225298572762,0.0031784019331173837,0.00317550457492858,0.0002057124314050449,0.001709441331394035,0.0012748376030735176,5.360112649286381e-05,0.003223310985043837,0.0006287267269703484,0.0004853074966245777,0.0008040168973929571,0.00023178865510427592,0.0002824924234083363,0.00012893243940175349,0.002033945448540021,0.0004432958028869277,0.0004534365565477398,8.257470838089829e-05,2.0281507321624144e-05,0.0008271957629033846,5.504980558726553e-05,7.967735019209485e-05,0.00021585318506585696,0.0002013663941218397,9.706149932491555e-05,0.00016949545404500177,0.00010140753660812072,5.504980558726553e-05,3.0422260982436215e-05,5.794716377606898e-05,7.09852756256845e-05,2.173018641602587e-05,3.0422260982436215e-05,8.836942475850519e-05,3.911433554884656e-05,0.0001941229986498311,0.0,2.897358188803449e-05,4.780641011525691e-05,3.331961917123966e-05,4.780641011525691e-05,0.00026076223699231043,5.939584287047071e-05,2.173018641602587e-05,2.317886551042759e-05,1.883282822722242e-05,1.593547003841897e-05,0.0,2.607622369923104e-05,1.883282822722242e-05,0.0,0.00010575357389132589,0.00010140753660812072,1.4486790944017245e-05,0.00033464487080679835,0.0,3.621697736004311e-05,0.0,4.490905192645346e-05,0.0,1.593547003841897e-05,1.4486790944017245e-05,0.0,0.0,0.0,0.0,0.0,0.0,0.0,0.0,0.0,0.0,0.0,0.0,0.0,0.0
368259600,0.40257493390670535,0.0008646220004462565,0.00044118541958254733,0.00030595617220092363,0.00017833356998451624,0.00016903655922702963,0.04717049703509875,0.0016802233987166745,0.0005223229680115215,0.0003034206238125182,8.367309681737966e-05,0.002335240065721414,0.000159739548469543,5.6627247341054924e-05,0.33283129475242906,0.11202813444491774,0.03186085586590668,0.0031229504317193723,0.0002214378925874088,9.043455918646084e-05,0.008010642541768934,0.0010919761726066114,0.0007522126885602819,0.0010201356349351237,0.0004479468819516285,8.029236563283907e-05,0.00021045051623765188,0.0009381529037100144,0.000182559483965192,0.0001301581506048128,0.00021045051623765188,0.00012170632264346132,0.00015128772050819152,0.00012255150543959647,3.718804302994652e-05,0.0174023137724227,0.0010573236779650704,0.00019016612913040832,0.011192755769217766,0.003912351163309601,0.00025017410765600383,0.001181565548996937,0.002590485270154229,9.212492477873115e-05,0.004367904690426446,0.000798697742347715,0.0005502140002839814,0.00027637477433619344,0.00010311230112848807,0.00017833356998451624,4.479468819516285e-05,0.003562445485709649,0.00010902858070143411,7.775681724443363e-05,2.4510301087919297e-05,0.0,0.0009305462585447981,1.5213290330432665e-05,1.859402151497326e-05,5.6627247341054924e-05,3.8878408622216815e-05,2.1129569903378704e-05,2.8736215068595034e-05,1.6058473126567815e-05,1.1832559145892074e-05,1.0142193553621778e-05,1.5213290330432665e-05,5.2401333360379186e-05,1.4368107534297517e-05,9.29701075748663e-06,1.6903655922702963e-05,0.0,4.986578497197374e-05,0.0,1.1832559145892074e-05,1.5213290330432665e-05,9.29701075748663e-06,0.0,4.479468819516285e-05,2.4510301087919297e-05,1.0987376349756926e-05,8.451827961351482e-06,0.0,0.0,0.0,0.0,0.0,0.0,4.479468819516285e-05,1.9439204311108408e-05,0.0,0.0,9.29701075748663e-06,1.0142193553621778e-05,0.0,1.4368107534297517e-05,0.0,0.0,0.0,0.0,0.0,0.0,0.0,0.0,0.0,0.0,0.0,0.0,0.0,0.0,0.0,0.0,0.0
368259989,0.49822791290792817,0.0013155660406516452,0.0011403026820020893,0.0004497941382769721,0.0002548954655878395,0.00024289610700809812,0.05112963052520465,0.0036354420327349775,0.0019468050253313733,0.0005094273142490202,0.0001923533542025208,0.00584041507599412,0.0001283567751105668,9.74493363445663e-05,0.18392035043944924,0.13715121409873726,0.03452251825084259,0.00485574043860201,0.0005530613454480797,0.0006476017463793753,0.027708700662182784,0.003344184874481255,0.0013988343168565172,0.0018380835642603831,0.0007625046952035655,6.508742987193049e-05,0.00035888990661226474,0.001206844579580655,0.00020798888204885048,0.0001378108152036964,0.0008926795549474264,0.00018180846332941476,0.00018435378181602655,0.00016835463704303807,3.490722495924763e-05,0.013540730731848152,0.0006301481338997515,0.00017344527401626168,0.004702294095551983,0.003325276794294996,0.00017053633860299105,0.0009821293189054986,0.003079835368800286,7.817763923164835e-05,0.0016086412835386618,0.000298529496786899,0.0003756162852385709,0.0003047109845400991,6.108764367868336e-05,0.0001959895234691091,2.7271269499412214e-05,0.002540227849638583,0.0001516282584167319,0.00017053633860299105,3.272552339929466e-05,1.1999358579741375e-05,0.0013741083658437166,2.7271269499412214e-05,3.127105569265934e-05,7.417785303840122e-05,6.326934523863634e-05,3.45436080325888e-05,4.981551895225964e-05,3.417999110592997e-05,1.672637862630616e-05,6.545104679858931e-06,1.7817229406282645e-05,5.854232519207155e-05,7.99957238649425e-06,8.36318931315308e-06,2.6907652572753384e-05,7.99957238649425e-06,8.145019157157782e-05,3.636169266588295e-06,1.454467706635318e-05,2.145339867287094e-05,2.0362547892894454e-05,9.454040093129567e-06,6.65418975785658e-05,2.072616481955328e-05,1.2726592433059032e-05,9.090423166470737e-06,9.090423166470737e-06,5.817870826541272e-06,5.0906369732236135e-06,7.99957238649425e-06,3.636169266588295e-06,0.0,3.563445881256529e-05,3.599807573922412e-05,1.2726592433059032e-05,4.363403119905954e-06,1.490829399301201e-05,8.726806239811908e-06,7.99957238649425e-06,1.8180846332941475e-05,0.0,4.363403119905954e-06,3.636169266588295e-06,7.99957238649425e-06,0.0,0.0,0.0,0.0,0.0,0.0,0.0,0.0,0.0,0.0,0.0,0.0,0.0
368273379,0.34552489108912027,0.0006915704670738484,0.0005120832728830403,0.0002712378365886652,0.0001433603787466518,0.00013246498996190628,0.030083315317712404,0.0020712707521316253,0.0003457852335369242,0.0005906447604362055,0.00013475875602185272,0.0026074385686441033,0.00017031212995102237,3.899402301908929e-05,0.34707203629655414,0.13549390804406555,0.03927386247840276,0.0026464325916631926,0.0002454329684142679,6.995986482836609e-05,0.005296305832416305,0.0011824364039023842,0.0005591054771119421,0.0007426067619076565,0.0003480789995968706,4.243467210900894e-05,0.00019554355661043307,0.0010889654369595672,0.0001645777148011563,0.00011182109542238841,0.00021504056811997774,0.00010780700481748217,0.00011927583511721431,9.805849906270985e-05,4.5301879683941974e-05,0.03527124070379624,0.0015253544298643752,0.000299336470823009,0.021250022220858707,0.006291800302433055,0.0004335217853298751,0.0015328091695592013,0.003000819447924916,0.00011411486148233485,0.004190710591522126,0.0007810273434117591,0.0006990252067686743,0.0002827066668883974,0.00012845089935700004,0.0001966904396404063,3.268616635423661e-05,0.0017518638282840852,0.00010092570663764288,9.748505754772324e-05,2.5804868174397328e-05,6.881298179839288e-06,0.002944048737941242,2.064389453951786e-05,1.662980393461161e-05,4.931597028884823e-05,3.325960786922322e-05,2.8672075749330364e-05,2.4084543629437505e-05,1.720324544959822e-05,5.734415149866073e-06,0.0,9.175064239785716e-06,3.899402301908929e-05,5.734415149866073e-06,1.2042271814718753e-05,1.892356999455804e-05,0.0,5.3903502408741084e-05,0.0,9.175064239785716e-06,1.4336037874665182e-05,2.293766059946429e-05,0.0,5.677070998367412e-05,2.293766059946429e-05,1.0895388784745539e-05,8.60162272479911e-06,5.734415149866073e-06,6.30785666485268e-06,6.881298179839288e-06,8.028181209812502e-06,0.0,0.0,3.0392400294290187e-05,1.2042271814718753e-05,9.175064239785716e-06,0.0,5.734415149866073e-06,1.892356999455804e-05,0.0,2.2364219084477683e-05,0.0,0.0,0.0,0.0,0.0,0.0,0.0,0.0,0.0,0.0,0.0,0.0,0.0,0.0,0.0,0.0,0.0
368281318,0.4446528103349482,0.0009360186487472001,0.0006283533885502943,0.0003792910350575611,0.00023196983903734958,0.00022871412199822888,0.07167786633328124,0.0021316807313642755,0.0005323097358962338,0.0005111475751419492,0.0001188336719279054,0.0057349455644111055,0.00011720581340834506,6.674219930197426e-05,0.21966648434651248,0.14035070583945408,0.03022689092045632,0.004468471636193155,0.0003678960254206386,6.999791634109496e-05,0.008669974475178413,0.001399144397562119,0.001375540449028494,0.001267287857477731,0.0007170716778663333,6.104469448351305e-05,0.0003752213887586602,0.0014382130020315674,0.00023278376829712977,0.00017336693233317707,0.0002449927071938324,0.00027348023128613845,0.0001782505078918581,0.00013674011564306923,3.581288743032766e-05,0.010579452518622702,0.0006210280252122727,0.00019615695160702192,0.01978987602229515,0.009577505599833308,0.0004476610928790957,0.002507716049382716,0.0025419010782934833,8.790436005625879e-05,0.0024678335156534874,0.0004403357295410741,0.00046882325363338024,0.00040533677137052665,8.302078449757774e-05,0.00016685549825493567,3.337109965098713e-05,0.007361176225451894,0.00016766942751471583,0.00011313616710944418,3.662681669010783e-05,1.627858519560348e-05,0.0014650726676043132,1.5464655935823306e-05,2.848752409230609e-05,8.13929259780174e-05,5.0463614106370785e-05,3.092931187164661e-05,2.7673594832525915e-05,1.627858519560348e-05,1.3022868156482784e-05,9.767151117362088e-06,8.953221857581914e-06,4.6393967807469915e-05,1.0581080377142261e-05,1.1395009636922437e-05,2.1162160754284523e-05,0.0,6.918398708131479e-05,0.0,1.1395009636922437e-05,1.8720372974944e-05,2.034823149450435e-05,8.953221857581914e-06,6.511434078241393e-05,2.5231807053185392e-05,1.627858519560348e-05,8.13929259780174e-06,0.0,0.0,0.0,1.1395009636922437e-05,0.0,0.0,3.8254675209668176e-05,1.8720372974944e-05,1.220893889670261e-05,0.0,8.953221857581914e-06,1.3836797416262957e-05,0.0,2.9301453352086265e-05,0.0,0.0,0.0,0.0,0.0,0.0,0.0,0.0,0.0,0.0,0.0,0.0,0.0,0.0,0.0,0.0,0.0
368281322,0.46513737407601674,0.00222648202321922,0.0010638988174095482,0.0012126013204782273,0.0005258661244883282,0.00055831030697604,0.014548512163864751,0.002909161696398155,0.00043664462264712085,9.59807065261473e-05,0.00025414609615374216,0.011935403632666966,0.00010544359308506324,0.00026901634646061005,0.12436666252102113,0.24619997512612676,0.07894886256103562,0.010025252388702936,0.00023792400490988628,0.00010814727495903921,0.00667268686497272,0.0014532290072620895,0.0005637176707239919,0.0025441646434113977,0.0011477129555028038,0.00010409175214807524,0.000965214429009425,0.0035188419589797385,0.0006542910135021873,0.00029875684707434584,0.00010273991121108726,0.0006475318088172474,0.0003731080986086853,0.0001527580258796429,0.00011625832058096717,0.0016830419665500478,0.00019060957211530663,6.488836497542353e-05,0.003468823844311183,0.0014937842353717292,6.759204684939951e-05,0.0007218830603515868,0.0006069765807076076,4.0555228109639705e-05,0.0035621008689633543,0.0006042728988336316,0.00039338571266350514,0.00013112857088783505,8.516597903024338e-05,0.00014735066213169092,1.7573932180843874e-05,0.002891587764217311,0.00020007245867422255,0.00012707304807687108,3.514786436168775e-05,2.0277614054819852e-05,0.0012180086842261792,5.407363747951961e-05,6.488836497542353e-05,0.00017844300368241472,0.0001946650949262706,8.38141380932554e-05,9.057334277819534e-05,8.516597903024338e-05,2.8388659676747794e-05,1.8925773117831865e-05,5.001811466855564e-05,6.89438877863875e-05,0.0,1.4870250306867893e-05,2.7036818739759803e-05,0.0,0.00018520220836735465,0.0,3.920338717265172e-05,3.244418248771177e-05,0.0,3.6499705298675736e-05,0.00015681354869060687,2.0277614054819852e-05,0.0,0.0,1.8925773117831865e-05,0.0,0.0,0.0,0.0,0.0,4.866627373156765e-05,2.4333136865783825e-05,2.7036818739759803e-05,0.0001649245943125348,0.0,2.0277614054819852e-05,0.0,0.0,0.0,0.0,1.3518409369879902e-05,0.0,0.0,0.0,0.0,0.0,0.0,0.0,0.0,0.0,0.0,0.0,0.0,0.0,0.0
368281337,0.5047032610367133,0.0011533214020462048,0.0008245021086968614,0.0004956828153475178,0.0002813777037616273,0.00027156220246761704,0.05447766809863924,0.0022951913859160645,0.0007656091009327998,0.000309188290761323,0.00013741701811614354,0.003939287852662782,0.00010469868046944271,8.670359476375725e-05,0.20246270927466717,0.11879046849387677,0.0381643049479942,0.004344995239481873,0.0002977368725849777,4.5805672705381186e-05,0.00885358216719725,0.0014477864408665125,0.0008539486125788921,0.001280922918868338,0.000734526680168434,5.562117399939144e-05,0.00034190662840802386,0.0014379709395725023,0.0002633826180559418,0.0001423247687631487,0.0002830136206439623,0.00019794594276254012,0.00016849943888050937,9.815501294010253e-05,2.126691947035555e-05,0.021868936883054847,0.0009390162904603143,0.0001390529349984786,0.007004996090158651,0.003173678751729982,0.00022084877911523072,0.0009488317917543246,0.0031605914166713015,6.707259217573673e-05,0.001969643926331391,0.0003435425452903589,0.00035662988034903924,0.00019958185964487517,5.562117399939144e-05,0.00014396068564548372,3.599017141137093e-05,0.0025814768403246966,0.00013578110123380852,0.00011124234799878288,1.7995085705685465e-05,0.0,0.0057387964232313285,1.963100258802051e-05,2.781058699969572e-05,4.25338389407111e-05,5.725709088172648e-05,4.089792205837606e-05,5.562117399939144e-05,2.781058699969572e-05,0.0,0.0,0.0,5.725709088172648e-05,0.0,0.0,2.4538753235025633e-05,0.0,8.997542852842733e-05,0.0,0.0,0.0,0.0,1.6359168823350424e-05,7.361625970507691e-05,2.6174670117360677e-05,0.0,0.0,0.0,0.0,0.0,1.6359168823350424e-05,0.0,0.0,3.599017141137093e-05,2.6174670117360677e-05,1.6359168823350424e-05,0.0,0.0,0.0,0.0,0.0,0.0,0.0,0.0,0.0,0.0,0.0,0.0,0.0,0.0,0.0,0.0,0.0,0.0,0.0,0.0,0.0,0.0
368281369,0.38469250878308314,0.0008650773375219454,0.0004534468823566693,0.000487749420287109,0.00024273129221253983,0.00021561595270562086,0.07507780142293462,0.0013956232575127459,0.0007115326439285488,0.0003639335929000934,6.991183921061039e-05,0.0038954615455482166,0.00010127415960415524,5.847765990046384e-05,0.283170064142479,0.15693770463097328,0.03903596147400292,0.003391050892552037,0.0004171841994016331,6.82783850234466e-05,0.01665143198394772,0.0011535453469750715,0.0010529245690457819,0.0011502784386007439,0.0005184583590057883,6.27246407870897e-05,0.00023946438383821224,0.0011195694998820645,0.0002237832236414398,0.000128716189948507,0.00023913769300077948,0.00014015036925865354,0.0001293695716233725,0.00010976812137740698,3.136232039354485e-05,0.009018953949006174,0.0005129046147694314,9.2126816156038e-05,0.0038559319542188527,0.0016720037059808597,9.702717871752939e-05,0.0005057174163459107,0.0024282929946376967,4.9983698127212106e-05,0.0014867700011564856,0.00028552779191623126,0.00028324095605420193,0.00020124155585857947,4.769686226518279e-05,0.00011532186561376387,3.168901123097761e-05,0.0026373751305946622,0.00012250906403728456,5.357729733897245e-05,1.7967996058801736e-05,6.860507586087936e-06,0.0011192428090446317,2.3521740295158637e-05,2.7442030344351746e-05,5.325060650153969e-05,5.1290461476943144e-05,3.0055557043813816e-05,2.9728866206381058e-05,2.0908213595696567e-05,1.8621377733667255e-05,9.147343448117249e-06,1.437439684704139e-05,4.6063408078019e-05,7.513889260953454e-06,9.474034285550006e-06,1.4701087684474148e-05,3.2669083743275884e-06,7.905918265872764e-05,0.0,1.3067633497310354e-05,1.3721015172175873e-05,1.3721015172175873e-05,9.147343448117249e-06,7.481220177210178e-05,2.907548453151554e-05,9.474034285550006e-06,9.800725122982766e-06,7.187198423520695e-06,3.920290049193106e-06,4.2469808866258655e-06,7.187198423520695e-06,0.0,0.0,2.842210285665002e-05,1.8621377733667255e-05,1.5354469359339666e-05,0.0,7.513889260953454e-06,9.474034285550006e-06,1.2740942659877596e-05,1.7641305221368978e-05,0.0,4.2469808866258655e-06,4.2469808866258655e-06,3.920290049193106e-06,0.0,0.0,0.0,0.0,0.0,0.0,0.0,0.0,0.0,0.0,0.0,0.0,0.0
368281370,0.4535076898795951,0.0009988744491653894,0.0005648520793617172,0.0003509558875445963,0.00022427950209950534,0.00019520623330882873,0.0952440285582566,0.001599029783487214,0.0005586220931922864,0.00041533241129538027,0.00011629307516270647,0.0024276179440214977,0.00011006308899327577,5.3993213468399434e-05,0.19811771351200932,0.1324100493830237,0.02641098803427323,0.0028304903829780167,0.00021804951593007462,3.322659290363042e-05,0.013897022481943423,0.0010653276349726504,0.0016737896175203824,0.0008368948087601912,0.0004527123283119645,4.7763227298968726e-05,0.00020351288153473633,0.0009220379530757442,0.00016820962657462902,0.00010590976488032197,0.00023881613649484365,0.00011421641310622957,0.0001661329645181521,0.00011213975104975267,2.4919944677722817e-05,0.017157381910612158,0.0009822611527135743,0.00017651627480053662,0.0057336639379327245,0.00268720070108111,0.00016405630246167522,0.000714371747428054,0.00241931129579559,9.137313048498365e-05,0.0024317712681344514,0.0004527123283119645,0.00043609903186014924,0.00022843282621245914,7.683649608964535e-05,0.0001370596957274755,3.322659290363042e-05,0.0022199517383738074,8.306648225907605e-05,7.268317197669155e-05,3.114993084715352e-05,0.0,0.026872007010811102,2.2843282621245913e-05,2.6996606734199717e-05,4.983988935544563e-05,4.983988935544563e-05,2.6996606734199717e-05,0.0,2.2843282621245913e-05,0.0,0.0,0.0,3.322659290363042e-05,0.0,0.0,0.0,0.0,6.0223199637830135e-05,0.0,0.0,0.0,0.0,0.0,3.322659290363042e-05,0.0,0.0,0.0,0.0,0.0,0.0,0.0,0.0,0.0,2.2843282621245913e-05,3.322659290363042e-05,0.0,0.0,0.0,0.0,0.0,0.0,0.0,0.0,0.0,0.0,0.0,0.0,0.0,0.0,0.0,0.0,0.0,0.0,0.0,0.0,0.0,0.0,0.0
368281482,0.3204778388363747,0.0006196482516386254,0.0004300464789150118,0.00019136715235791165,9.250589283721929e-05,9.815510766697314e-05,0.10199339606786402,0.0015976685690397606,0.01525570464775027,0.0004851263235051118,8.36789946657289e-05,0.0016746391210951568,0.0001472326615004597,3.0364529709926943e-05,0.3959273397988597,0.06211664781241217,0.034478217333768324,0.0017459604583207992,0.00036755203986085983,5.931675571241542e-05,0.012460755610729554,0.0042061935166786005,0.0006471881739336754,0.0006122336571745734,0.00027857690629223673,3.777912417397887e-05,0.0001422895985244251,0.0005469146107055445,0.00010521662620416544,6.56721223958885e-05,0.002024184288686176,7.379286871365966e-05,8.36789946657289e-05,0.00011121891696077892,1.9772251904138475e-05,0.016463577393537016,0.0011146607010958064,0.00016241492635542316,0.007103887648415466,0.002531201319656584,0.00014582035779302124,0.0008442045411213409,0.0029167602317872843,8.61505261537462e-05,0.002891338765053392,0.0005564476607307541,0.00061541134051631,0.00017795026713724626,8.756282986118467e-05,0.00012922578923061932,4.166295936943464e-05,0.00187377394384398,6.884980573762504e-05,5.931675571241542e-05,7.414594464051928e-06,6.708442610332696e-06,0.0023133534727842013,1.5535340781823085e-05,1.3416885220665392e-05,3.0011453783067327e-05,2.895222600248848e-05,1.8359948196700012e-05,1.6594568562401933e-05,1.3063809293805776e-05,4.589987049175003e-06,3.883835195455771e-06,1.200458151322693e-05,2.5421466733892325e-05,4.943062976034619e-06,7.767670390911543e-06,1.3416885220665392e-05,3.883835195455771e-06,3.4954516759101945e-05,0.0,8.82689817149039e-06,8.473822244630774e-06,1.3769961147525008e-05,7.414594464051928e-06,6.143521127357311e-05,1.8359948196700012e-05,7.414594464051928e-06,1.0945353732648083e-05,7.414594464051928e-06,0.0,0.0,5.296138902894234e-06,0.0,0.0,3.17768334173654e-05,1.4123037074384624e-05,1.0945353732648083e-05,8.82689817149039e-06,7.414594464051928e-06,9.886125952069238e-06,0.0,3.530759268596156e-05,0.0,0.0,0.0,0.0,0.0,0.0,0.0,0.0,0.0,0.0,0.0,0.0,0.0,0.0,0.0,0.0,0.0
368281490,0.397588168265571,0.0026025114607093718,0.0014488417034055547,0.0012651191191042444,0.0005157065923310681,0.0006795033816438173,0.02842262678715806,0.007347552470697261,0.0007521143294834897,0.00017088902142732185,0.0009729867010516091,0.013370546162663383,0.00018135850692978621,0.0001881130137055697,0.1470543933676147,0.25818967060296805,0.07513476929644382,0.012405327144403925,0.0004059458572245867,0.00011111163646163811,0.013009855500836545,0.0027771154608633745,0.0019902154214846,0.005106069397153515,0.0026190600023100414,0.00012495837535199424,0.0015437425236053126,0.0036447318562127617,0.0006558626079285751,0.00033873851480554113,0.00023066640639300557,0.0007771060045538885,0.0005440755207893587,0.00024349996926699416,8.409360935850423e-05,0.0007257717530579341,0.0002526185534143019,9.388764418339027e-05,0.00339211330279846,0.0029733338826998844,0.00011313798849437316,0.0006362745382788031,0.001108752287244857,2.9719829813447277e-05,0.0006514721785243159,0.00013238833280535605,0.00032793130396428755,0.00035258525369589723,5.707558225537034e-05,0.00021681966750264947,2.701802710313389e-05,0.0030648574495117506,0.00027051799637012807,0.0004018931531591166,5.099652615716521e-05,2.701802710313389e-05,0.000560286337051239,6.416781436994298e-05,7.767682792150993e-05,0.00022087237156811953,0.00021546876614749277,8.544451071366093e-05,0.00011009846044527059,6.0452835643262076e-05,3.478570989528488e-05,1.587309092309116e-05,5.403605420626778e-05,8.274270800334753e-05,1.9250344310982896e-05,1.8574893633404548e-05,5.707558225537034e-05,1.1482661518831903e-05,0.00019892022454682325,6.079056098205125e-06,2.7693477780712235e-05,4.897017412443017e-05,2.634257642555554e-05,2.9382104474658102e-05,0.00016210816261880332,5.5724680900213644e-05,2.1276696343717938e-05,1.756171761703703e-05,1.992579498856124e-05,1.0469485502464382e-05,1.2495837535199424e-05,1.2495837535199424e-05,4.7281547430484305e-06,5.403605420626778e-06,6.754506775783472e-05,6.450553970873215e-05,2.4653949731609674e-05,0.0,0.0,3.816296328317662e-05,1.0469485502464382e-05,0.0,0.0,1.2833562873988596e-05,1.5197640245512813e-05,5.403605420626778e-06,3.7149787266809096e-06,6.416781436994298e-06,0.0,0.0,0.0,0.0,0.0,0.0,0.0,0.0,0.0,0.0,0.0
368281495,0.41907541026613704,0.0017101769204225577,0.0010780475441707817,0.001056954593138397,0.00044789563207829175,0.0004953547719011571,0.025149718755159946,0.0034631988976296466,0.0004416336622405526,0.0001506168534656213,0.0003908787488188771,0.013643513966994146,9.788447588465979e-05,0.0001898365592914614,0.13125649061413117,0.28027884881264814,0.06959816939551228,0.012934263488530214,0.0001852224762531273,8.272391733013335e-05,0.007623124334047747,0.0011126531669582876,0.0009745602531681447,0.003409148210609161,0.0015658220367946755,0.00010711264196132805,0.0008460250828145511,0.0029052244273510977,0.0006288336026529659,0.0002854139936569541,8.272391733013335e-05,0.0006004899497031991,0.0003486928467541079,0.00011798869483740136,5.767603797917664e-05,0.0015612079537563415,0.00027190132190183273,8.470138148941941e-05,0.0037650917592806513,0.002309678138046114,8.569011356906244e-05,0.00048250125486579777,0.0006044448780217713,3.559435486714901e-05,0.0009617067361327854,0.00018126754793455516,0.0001993943027280107,0.00020301965368670178,3.526477750726801e-05,0.00018785909513217535,1.3183094395240375e-05,0.0042848352558130035,0.0001895069819315804,0.00012458024203502156,4.2185902064769205e-05,1.3842249115002395e-05,0.0004498730962375778,7.184786445406004e-05,7.71211022121562e-05,0.00016412952522074268,0.00014435488362788212,6.954082293489297e-05,8.76675777283485e-05,5.668730589953362e-05,2.4718301991075704e-05,1.087605287607331e-05,3.823097374619709e-05,6.459716253667783e-05,1.120563023595432e-05,2.043379631262258e-05,4.251547942465021e-05,1.0546475516192301e-05,0.00015325347234466938,3.6253509586911033e-06,2.768449823000479e-05,2.4718301991075704e-05,2.0104218952741574e-05,2.636618879048075e-05,0.0001364450269907379,2.768449823000479e-05,1.2853517035359366e-05,1.021689815631129e-05,9.887320796430282e-06,3.954928318572113e-06,7.909856637144226e-06,8.239433997025235e-06,3.954928318572113e-06,4.943660398215141e-06,4.943660398215141e-05,3.724224166655406e-05,1.549013591440744e-05,6.591547197620188e-06,0.0,6.591547197620188e-06,3.954928318572113e-06,0.0,0.0,5.932392477858169e-06,9.228166076668263e-06,0.0,3.295773598810094e-06,0.0,6.261969837739179e-06,0.0,0.0,0.0,0.0,0.0,0.0,0.0,0.0,0.0,0.0
368281511,0.4306476706526293,0.001547105252387732,0.0008446304968946187,0.0008653903756806521,0.00046166016157512515,0.0004377368726883628,0.025082480975548223,0.003217385785572596,0.00031614329694159535,0.0001360266343313431,0.0003622104565334601,0.015593239239017974,8.205094948765608e-05,0.0001575773656425588,0.16718543297099767,0.24004667611603625,0.055451415655677044,0.009546973970868552,0.00025247966866442603,8.600521211356722e-05,0.014429104321949736,0.0011815336726222474,0.001508748904916394,0.002854582189645249,0.001884403854377952,0.00010004284443555175,0.0008112169777056696,0.002449072557358062,0.00044742481612184505,0.00025109567674535713,9.193660605243391e-05,0.0005195901090447233,0.00030428050906386195,0.00012218671514065412,5.199855353073144e-05,0.0005820674585341192,0.000140969462613732,6.0895644439031495e-05,0.0052251626338789756,0.001529706496833723,6.188421009550929e-05,0.0003007216727005419,0.0006362408565091019,2.3330149492875705e-05,0.0005769269171204348,0.00010874222221255624,0.0001836754989735723,0.0001500642666533276,3.440208484542689e-05,0.0001538208161479432,1.423534545328009e-05,0.008736943271950655,0.0002119484767488369,9.88565656477784e-05,3.974033939040692e-05,1.4433058584575647e-05,0.0004005668040047981,4.824200403611586e-05,6.267506262069152e-05,0.00016054306261199214,0.00014077174948243644,6.761789090308043e-05,6.030250504514483e-05,4.270603635984027e-05,2.5109567674535715e-05,1.0083369696073398e-05,2.8668404037855738e-05,6.524533332753375e-05,1.3839919190688976e-05,1.7596468685304555e-05,4.547402019797807e-05,8.6993777770045e-06,0.0001399808969572542,4.151975757206693e-06,2.4516428280649044e-05,2.8866117169151295e-05,1.8189608079191226e-05,1.8189608079191226e-05,0.00012930438786729414,3.0645535350811305e-05,1.0874222221255624e-05,7.315385857935602e-06,1.423534545328009e-05,4.7451151510933635e-06,6.722246464048932e-06,4.7451151510933635e-06,3.5588363633200226e-06,3.954262625911136e-06,4.0728905046884706e-05,2.8866117169151295e-05,1.4037632321984533e-05,2.3725575755466817e-06,2.3725575755466817e-06,6.129107070162261e-06,6.524533332753375e-06,0.0,0.0,6.129107070162261e-06,2.5109567674535715e-05,2.7679838381377954e-06,2.5702707068422388e-06,0.0,0.0,1.977131312955568e-06,0.0,0.0,0.0,0.0,0.0,0.0,0.0,0.0,0.0
368281532,0.47260078244105946,0.0009095115763271688,0.001122746347810572,0.0003764246476186608,0.00020453131142285616,0.00021976236652881354,0.051195202652814624,0.0019241899617192814,0.0009900185818872292,0.00030389581378076856,0.00010879325075683838,0.004501864716317972,8.70346006054707e-05,5.6572490393555956e-05,0.2542614316321454,0.11581404187234635,0.03180897065628441,0.0038229948315953006,0.0002922912003667058,6.019893208545057e-05,0.01074369615640698,0.0018755956430478937,0.000964633490043967,0.001217759120138211,0.0007013538232124181,4.351730030273535e-05,0.0003510395557753985,0.0011401532679316663,0.0001929266980087934,0.0001254748825395536,0.00033290734731592544,0.0001863991029633831,0.00013345305426172175,0.00013925536096875312,4.1341435287598585e-05,0.019168645495016543,0.0005671754806123175,0.00010661738574170161,0.005974925331565564,0.0022998893209995636,0.00013707949595361636,0.0007289147800708172,0.0019046071765830505,3.989085861084074e-05,0.001452027253434603,0.00027923601027588516,0.00029809350707373715,0.00022846582658936061,4.641845365625104e-05,0.00013562891927685852,3.118739855029367e-05,0.00501464357155187,0.0001798715079179728,0.00010516680906494377,3.0462110211914746e-05,1.2329901752441683e-05,0.0016819436567007213,2.320922682812552e-05,2.320922682812552e-05,7.325412217627118e-05,5.14954720249035e-05,3.9165570272461816e-05,4.279201196435643e-05,2.6835668520020134e-05,1.2329901752441683e-05,0.0,2.320922682812552e-05,4.0616146949219664e-05,0.0,1.0879325075683838e-05,1.9582785136230908e-05,0.0,6.962768048437656e-05,0.0,1.3780478429199529e-05,1.3780478429199529e-05,1.4505766767578451e-05,1.0154036737304916e-05,7.615527552978687e-05,1.9582785136230908e-05,0.0,7.2528833837892255e-06,7.2528833837892255e-06,0.0,0.0,7.2528833837892255e-06,0.0,0.0,2.6835668520020134e-05,1.740692012109414e-05,7.978171722168148e-06,0.0,7.2528833837892255e-06,2.3934515166504445e-05,0.0,9.428748398925994e-06,0.0,0.0,7.2528833837892255e-06,0.0,0.0,0.0,0.0,0.0,0.0,0.0,0.0,0.0,0.0,0.0,0.0,0.0,0.0
368246110,0.4235385864859254,0.0032336000117713405,0.0014400699627059625,0.0012858909929093667,0.0005575393036420463,0.0007932859856754302,0.02379218210263649,0.00861291066544219,0.0009173968576278766,0.00017720985325168884,0.0015776155166738798,0.01603717184589652,0.00017720985325168884,0.0001935233956990465,0.11000573532972709,0.26463444710045975,0.07722799007240974,0.01309369699098309,0.00043886627917205255,0.00010076011511603247,0.010313037687161913,0.0030822999024066313,0.003457831252077178,0.0064665602767800395,0.0030432753498855014,0.00014266352806904914,0.00221480329226479,0.003704453629075467,0.0006320698014897783,0.00037649096981450864,0.0002120760518156493,0.000893726227410142,0.0005853682878169506,0.0002491813640488549,8.380682590603336e-05,0.0004081584345652617,0.0001909644086484806,6.525416978943056e-05,0.0031082096462936113,0.002317162774287426,0.00012315125180848414,0.0005322693065177081,0.0009893683684250427,4.1263666190375205e-05,0.0010079210245416454,0.00023094858131357282,0.00034706261873300074,0.0006918861237967563,0.00014906099569546392,0.00031443553383828543,9.916074820942877e-05,0.002637356028989485,0.00023638642879602538,0.0002651750331148918,6.045606906961948e-05,3.4226451801318966e-05,0.0005197942446461992,8.764530648188221e-05,0.00010683770936112649,0.0002827680690875324,0.0002642154129709296,0.00011323517698754125,9.020429353244811e-05,8.860492662584442e-05,3.934442590245077e-05,2.6229617268300515e-05,6.109581583226096e-05,8.348695252471262e-05,1.5353922303395424e-05,1.9832149641885755e-05,4.7341260435469224e-05,9.916074820942878e-06,0.00020311959713866862,8.956454676980663e-06,2.846873093754568e-05,5.0539994248676606e-05,3.19873381320738e-05,3.166746475075306e-05,0.00019768174965621607,3.9024552521130036e-05,2.047189640452723e-05,1.8872529497923543e-05,2.399050359905535e-05,1.0555821583584354e-05,9.276328058301403e-06,1.8232782735282064e-05,7.676961151697712e-06,3.838480575848856e-06,6.941252374660015e-05,0.00010139986187867395,2.3350756836413875e-05,1.439430215943321e-05,0.0,1.119556834622583e-05,1.5353922303395424e-05,0.0,0.0,1.5034048922074686e-05,2.0152023023206493e-05,9.59620143962214e-06,3.19873381320738e-06,0.0,0.0,0.0,3.19873381320738e-06,3.19873381320738e-06,3.518607194528118e-06,3.518607194528118e-06,0.0,0.0,0.0,0.0,0.0
368253732,0.04626476287277962,0.00015312083030466237,8.74433832566295e-05,6.453853178130397e-05,4.416460312093154e-05,3.1889627468409024e-05,0.005991200487556971,0.00045923594477323946,0.00010794385805774959,5.201046384728614e-05,2.2019028490091942e-05,0.0006088134831369674,3.150998904616606e-05,1.4805898467475618e-05,0.7200081850043836,0.06067938067306349,0.1462262169183079,0.0012176269662739349,0.0001367963781482149,2.9105612371960615e-05,0.011980123144580484,0.0002620770574883932,0.0005174471695171607,0.00044240530805380137,0.00022234156929362958,2.1892482349344287e-05,4.593624909139871e-05,0.00023575546021288097,5.289628683251973e-05,2.6827781838502826e-05,3.226926589065198e-05,3.3281635016633226e-05,4.239295715046437e-05,4.188677258747375e-05,7.466222304111636e-06,0.0012328125031636536,3.6445288535324594e-05,8.35204528934522e-06,0.00016742054420914736,0.0001804547967061558,7.339676163363981e-06,3.075071220168013e-05,0.000221076107886153,2.277830533457787e-06,0.00010832349647999255,2.113320550485836e-05,2.8852520090465304e-05,9.402378257550755e-05,7.086583881868672e-06,2.5182682008783314e-05,1.771645970467168e-06,0.0007553539141227518,2.695432797925048e-05,1.4046621622989688e-05,7.592768444859291e-06,4.42911492616792e-06,0.0005250399379620199,4.049476503924955e-06,9.237868274578804e-06,1.1136060385793626e-05,1.252806793401783e-05,5.6945763336444685e-06,7.086583881868672e-06,3.290199659439026e-06,3.0371073779437163e-06,1.771645970467168e-06,1.771645970467168e-06,6.770218529999534e-05,6.960037741121016e-06,3.416745800186681e-06,1.202188337102721e-05,2.404376674205442e-06,1.8602282689905263e-05,4.68220720766323e-06,2.530922814953097e-06,3.416745800186681e-06,7.8458607263546e-06,5.6945763336444685e-06,3.226926589065198e-05,1.3540437059999068e-05,4.68220720766323e-06,1.0503329682055352e-05,6.200760896635087e-06,3.0371073779437163e-06,5.441484052149159e-06,1.3920075482242033e-06,0.0,0.0,1.0882968104298318e-05,3.0371073779437163e-06,2.277830533457787e-06,1.8981921112148228e-06,0.0,2.0247382519624774e-06,1.3920075482242033e-06,1.2654614074765484e-06,0.0,0.0,0.0,0.0,2.7840150964484066e-06,0.0,0.0,0.0,0.0,0.0,0.0,0.0,0.0,0.0,0.0,0.0,0.0
368258345,0.3354461501178927,0.0009052413119729259,0.0006526895529516854,0.00025818750259772554,0.00014758603490920466,0.0001303265702062189,0.04346179775993282,0.0037118416130625265,0.0017139705151985438,0.0013243997404740083,0.00016308432974453877,0.0018619087840812786,0.0002095792142505412,3.9802439008926315e-05,0.46980051581143084,0.06605584599203529,0.0325999587181783,0.002580113856109604,0.000615000517783941,4.6142650532472095e-05,0.011441263928211898,0.003011952707657778,0.0008171828185903455,0.0010288754366820686,0.00036914120425977676,4.79038204001237e-05,0.00019408091941520707,0.0006921397579870814,0.00013279220802093114,8.488838762080744e-05,0.0003987288580363238,8.312721775315584e-05,0.00010179561835026288,0.00019020634570637352,3.099658967066828e-05,0.008000290240794189,0.00020253453477993478,5.0721692188366274e-05,0.0024853629172299475,0.0012278876317267002,8.629732351492873e-05,0.00034589376200677555,0.0009989355489319913,2.64175480147741e-05,0.0008189439884579971,0.00015568741630040203,0.00025536963080948296,0.0004815038418159493,9.862551258848998e-05,0.000528350960295482,1.303265702062189e-05,0.0013370801635211,0.00010003444848261126,0.0001486427368297956,2.8883185829486352e-05,1.2328189073561247e-05,0.001509322576577427,2.078180443828896e-05,2.6769781988304423e-05,4.1915842850108244e-05,2.6769781988304423e-05,1.7259464702985746e-05,2.4656378147122494e-05,1.549829483533414e-05,1.0567019205909641e-05,7.396913444136749e-06,1.1271487152970284e-05,4.0154672982456636e-05,8.101381391197391e-06,1.0919253179439963e-05,1.4441592914743176e-05,7.044679470606427e-06,5.036945821483595e-05,7.74914741766707e-06,7.74914741766707e-06,1.549829483533414e-05,2.3247442253001208e-05,7.044679470606427e-06,3.874573708833535e-05,3.804126914127471e-05,1.5146060861803819e-05,2.1486272385349604e-05,1.3737124967682533e-05,3.5223397353032136e-06,3.5223397353032136e-06,2.571308006771346e-05,9.158083311788355e-06,3.874573708833535e-06,4.332477874422953e-05,1.6907230729455425e-05,2.1838506358879926e-05,1.303265702062189e-05,2.7826483908895387e-05,2.1134038411819283e-05,1.4089358941212854e-05,0.0,0.0,0.0,0.0,0.0,0.0,0.0,0.0,0.0,0.0,0.0,5.283509602954821e-06,0.0,7.044679470606427e-06,0.0,0.0,0.0,0.0
368258351,0.37816463616069196,0.0012706929748163868,0.001319078080212494,0.0006083175664627819,0.0002412581462164516,0.0002956496784893169,0.03512525068489951,0.02413682640425255,0.0013167422475381992,0.0004494809446107335,0.0007114278945137964,0.004433076725429543,0.00016984840445943828,9.276592620770891e-05,0.2566335979498063,0.16040763617070264,0.033318317266141435,0.005170532469742624,0.0004388028523853857,6.206641105983402e-05,0.0540508343928003,0.010784539457219225,0.0019524224253284347,0.0017268477270679628,0.0010798220762882952,7.774985901581359e-05,0.00041677928717060586,0.001443210902332162,0.0002409244558344095,0.0001631745968185959,0.0003723984663590041,0.0002572752845544733,0.00020989125030449247,0.00019854577731506044,4.304605928343327e-05,0.00715932714671365,0.00030232348613015925,8.909533200524562e-05,0.0031713933909282934,0.00143186542934273,9.07637839154562e-05,0.00041210762182201623,0.0018232842474781349,4.971986692427564e-05,0.00228878233042689,0.00041911511984490073,0.00038741453355089947,0.00033268931089599206,7.608140710560299e-05,0.0001685136429312698,2.8697372855622184e-05,0.0021833361697015806,0.00012613496441192076,0.0002526036192058836,3.103320552991701e-05,1.8019280630274394e-05,0.0006927412331194378,3.503749011442243e-05,3.7039632406675146e-05,0.000101441876140804,7.44129551953924e-05,4.0376536227096324e-05,4.4714511193643865e-05,2.8029992091537945e-05,1.9687732540484987e-05,1.1011782607389907e-05,1.868666139435863e-05,4.371344004751751e-05,1.4014996045768973e-05,2.335832674294829e-05,2.5360469035201e-05,5.339046112673895e-06,8.742688009503502e-05,6.006426876758131e-06,1.1345472989432025e-05,1.9354042158442866e-05,1.9354042158442866e-05,1.9687732540484987e-05,7.708247825172935e-05,3.8040703552801496e-05,1.3347615281684735e-05,7.007498022884486e-06,1.3013924899642617e-05,5.339046112673895e-06,3.6705942024633024e-06,1.034440184330567e-05,3.336903820421184e-06,0.0,3.737332278871726e-05,3.103320552991701e-05,1.3347615281684735e-05,8.70931897129929e-05,5.339046112673895e-06,7.674878786968723e-06,6.673807640842368e-06,0.0,0.0,5.339046112673895e-06,1.2012853753516262e-05,5.6727364947160126e-06,5.005355730631776e-06,0.0,0.0,0.0,0.0,0.0,5.005355730631776e-06,3.336903820421184e-06,0.0,0.0,0.0,0.0,0.0
368258353,0.412307851056586,0.001771373072097828,0.001076756973560865,0.0009056534696409333,0.0004255725991875644,0.00042732152767737633,0.02461208766095972,0.007189553533535121,0.002033420857487979,0.0002512627263696442,0.0003771855776361016,0.009536324078781067,0.0001885927888180508,0.0002454329647369378,0.1990983107682693,0.22150033579427003,0.05339828465093719,0.006453546127405943,0.00034162403167659283,0.00010114636432745538,0.021153290084275033,0.0017293987883423422,0.0017891538450775825,0.003447138053419272,0.0024065256019811863,9.531660269474901e-05,0.0006048377693932851,0.00220831370646917,0.000383015339268808,0.000249222309798197,0.001841913187853575,0.00044014700326933034,0.00031480712816614356,0.00014895040971564755,5.130190236781598e-05,0.0021823712672036266,0.00014778445738910628,6.471035412304062e-05,0.0030711184281097116,0.0013883577328290201,7.57869012251827e-05,0.0004812468227799102,0.0010735506046628766,5.567422359234576e-05,0.004267677003222692,0.0008336559134770097,0.000503108428902559,0.00022153094204284174,0.00010172934049072602,0.00012329945853173954,4.722106922492153e-05,0.003596088463134919,0.00017168648008320235,0.00016439927804231942,3.497856979623817e-05,1.9529701469566314e-05,0.0006879118726593507,4.5180652653474306e-05,5.421678318416917e-05,0.00013962279110331738,0.00011688672073576255,5.2759342775992575e-05,6.0338032898510844e-05,3.7018986367685396e-05,2.8274343918625855e-05,1.4282916000130586e-05,2.3610534612460766e-05,5.829761632706362e-05,1.2825475591953996e-05,1.4574404081765905e-05,2.4776486939002037e-05,4.66380930616509e-06,0.0001434121361645765,3.789345061259135e-06,1.865523722466036e-05,3.643601020441476e-05,1.515738024503654e-05,2.127862995937822e-05,0.00012708880359299868,2.157011804101354e-05,1.3991427918495269e-05,1.3991427918495269e-05,1.1951011347048041e-05,3.206368897988499e-06,6.9957139592476344e-06,4.955297387800408e-06,5.5382735510710435e-06,3.4978569796238172e-06,4.226577183712112e-05,4.896999771473344e-05,1.515738024503654e-05,0.00021016290685906434,3.847642677586199e-05,5.625719975561639e-05,5.246785469435726e-06,0.0,0.0,3.789345061259135e-06,6.412737795976998e-06,6.12124971434168e-06,5.829761632706362e-06,0.0,0.0,0.0,4.080833142894453e-06,0.0,0.0,0.0,0.0,0.0,0.0,0.0,0.0
368258369,0.47272042386697655,0.001879175412715498,0.0010331913795988308,0.0010570539245222024,0.00041418560116994647,0.00043605960068303693,0.028047580778265538,0.0038262454472963027,0.0008249622673508399,0.00013408477623608694,0.0003247010577073037,0.008483418798174288,0.00014743643827654472,0.00013152807499429713,0.19648902422360795,0.19691599333098686,0.04792280807610788,0.007373242303406009,0.00027441926661877114,9.289347845169582e-05,0.008177182804991022,0.0015979382761186207,0.0007459886067711107,0.002016100968109129,0.001170116934992462,8.493929681057202e-05,0.0006462772583413089,0.002129163978579389,0.00039515238081440026,0.0001906162814712168,0.00023663690382343306,0.0003795280954479071,0.0002619198383255766,0.00014999313951833453,5.084994692004144e-05,0.001745090636479411,9.65864913565033e-05,4.289576527891764e-05,0.0017252051823766015,0.0008539382147577909,4.431615485768975e-05,0.0001906162814712168,0.0005917342985164599,1.789690869252855e-05,0.0014155602542042821,0.0002687377083036827,0.00026135168249406777,0.00016703781446359981,4.6020622352216274e-05,0.0001284032179209985,1.534020745073876e-05,0.003636481399572349,0.00015254984076012431,0.0001786850090095311,3.664605113232037e-05,1.6192441198002022e-05,0.000405095107865805,4.374799902618091e-05,4.374799902618091e-05,0.0001454478928662638,9.317755636745024e-05,4.942955734126933e-05,6.391753104474483e-05,4.374799902618091e-05,2.869186949119657e-05,9.942727051404752e-06,2.9828181154214252e-05,5.7099661066638716e-05,1.1931272461685702e-05,1.335166204045781e-05,1.8749142439791817e-05,6.2497141465972725e-06,0.0001204490362798747,0.0,1.7044674945265288e-05,1.960137618705508e-05,1.4203895787721074e-05,1.732875286101971e-05,0.00013550516581485903,2.2726233260353716e-05,1.2783506208948966e-05,8.522337472632644e-06,8.522337472632644e-06,4.545246652070744e-06,6.817869978106115e-06,5.965636230842851e-06,0.0,3.4089349890530576e-06,3.8350518626846896e-05,2.1021765765827187e-05,1.3067584124703387e-05,3.57938173850571e-05,4.545246652070744e-06,1.0794960798668016e-05,4.545246652070744e-06,0.0,0.0,5.113402483579586e-06,1.0226804967159173e-05,2.8407791575442145e-06,0.0,0.0,0.0,0.0,0.0,0.0,0.0,0.0,0.0,0.0,0.0,0.0,0.0
368258383,0.5051396465566571,0.0010013262583329257,0.0005812268120804634,0.0004166919188784562,0.00021662138306181424,0.00018911776925733672,0.029104908275447962,0.0017546332028006955,0.0009923206502730525,0.0003906486739485527,8.66485532247257e-05,0.003921820612668554,5.0139331360374986e-05,5.5737412046242096e-05,0.23102183713917632,0.15138281111759352,0.0328536751764795,0.003872411465745466,0.0003663091927056522,8.786552728687073e-05,0.008884154048471104,0.003263194250235667,0.0010977106040548116,0.00096846795865501,0.0004322691868739125,5.1112910610091e-05,0.00027698329654420744,0.0009755264082154511,0.0002248968066844004,0.00012583511802579547,0.0006686055497424761,0.00011390877221677423,0.0001421425704585388,0.0002898832216029447,4.283748698750484e-05,0.008443122648349746,0.0002660305299849022,5.744117573324513e-05,0.0024631555017815285,0.001277822765252275,7.64259711027075e-05,0.0004471162704320818,0.0009614095090945689,1.947158499432038e-05,0.00048167833379700044,0.00010052205753317897,0.00037945251257681846,0.0002443683916787208,3.04243515536256e-05,0.00011999364252749936,1.53338731830273e-05,0.0019077285398185395,8.543157916258068e-05,5.890154460781915e-05,2.4826270867758486e-05,9.979187309589196e-06,0.0008046632498902898,3.018095674119659e-05,2.799040342933555e-05,5.890154460781915e-05,3.115453599091261e-05,3.626582705192171e-05,2.4339481242900478e-05,1.4116899120882277e-05,1.0952766559305215e-05,7.301844372870143e-06,9.24900287230218e-06,3.845638036378275e-05,9.73579249716019e-06,6.815054748012134e-06,1.582066280788531e-05,2.4339481242900476e-06,7.983349847671357e-05,3.407527374006067e-06,8.275423622586162e-06,1.679424205760133e-05,1.2899925058737252e-05,6.0848703107251195e-06,7.593918147784949e-05,2.0688559056465407e-05,6.0848703107251195e-06,9.73579249716019e-06,8.032028810157158e-06,2.6773429367190527e-06,3.164132561577062e-06,6.571659935583129e-06,2.9207377491480574e-06,0.0,2.4582876055329482e-05,1.7037636870030335e-05,8.275423622586162e-06,1.070937174687621e-05,3.164132561577062e-06,3.6509221864350716e-06,3.894316998864076e-06,9.73579249716019e-06,0.0,0.0,2.9207377491480574e-06,0.0,5.111291061009101e-06,0.0,0.0,0.0,0.0,0.0,2.4339481242900476e-06,0.0,0.0,2.4339481242900476e-06,0.0,0.0,0.0
368258384,0.46765153940605064,0.0023044474075846226,0.0017133830343415437,0.0011399098626830805,0.0004573712412000014,0.0005101448459538477,0.04150116277842474,0.010065685546716954,0.0012489753125076962,0.0002884957059876932,0.0008936330404984643,0.008485995644418487,0.00023572210123384688,0.00024979506250153924,0.16817540538924053,0.17965894178367747,0.04998364018252631,0.007821048224520025,0.0008901148001815412,0.00010554720950769263,0.011012092191969265,0.0035076855959723183,0.0013298948397969272,0.0031558615642800097,0.002125017151421545,0.00012313841109230808,0.0007845675906738486,0.002519060066916931,0.00043978003961538597,0.00030960514788923175,0.000320159868840001,0.0004362617992984629,0.0003658969929600011,0.0003166416285230779,8.795600792307719e-05,0.005724176995633864,0.0001970214577476929,4.925536443692323e-05,0.003321218859175395,0.0016183905457846203,6.684656602153867e-05,0.0005347725281723094,0.0009077060017661567,4.925536443692323e-05,0.003321218859175395,0.0005734731716584633,0.0003729334735938473,0.0002603497834523085,5.981008538769249e-05,0.00015128433362769278,4.573712412000014e-05,0.003321218859175395,0.00052421780722154,0.000640319737680002,9.147424824000028e-05,0.0,0.006332832570461558,6.332832570461558e-05,5.2773604753846316e-05,0.0001688755352123082,0.00016183905457846202,0.00010554720950769263,7.036480633846176e-05,4.925536443692323e-05,3.870064348615397e-05,0.0,4.925536443692323e-05,4.573712412000014e-05,0.0,0.0,4.221888380307705e-05,0.0,0.00016183905457846202,0.0,3.518240316923088e-05,4.925536443692323e-05,4.925536443692323e-05,3.518240316923088e-05,0.00015128433362769278,6.332832570461558e-05,0.0,0.0,0.0,0.0,0.0,0.0,0.0,0.0,6.332832570461558e-05,8.795600792307719e-05,3.870064348615397e-05,3.870064348615397e-05,0.0,0.0,0.0,0.0,0.0,0.0,0.0,0.0,0.0,0.0,0.0,0.0,0.0,0.0,0.0,0.0,0.0,0.0,0.0,0.0,0.0
368258393,0.4784997840096101,0.0009444401706619958,0.0006284432714555385,0.00042132919894194296,0.00021599038990703537,0.00018936143772671594,0.04862269141778459,0.0033792140316825357,0.001161909946801271,0.0006775588943659054,0.00016924178496825236,0.003966826243128251,0.00020119652758463568,6.686825769724657e-05,0.24383332642953093,0.12245915414612786,0.03388977980815319,0.003489576244607637,0.0004160034085058791,5.887957204315074e-05,0.00858132777873116,0.002618809508311192,0.0011252211682417199,0.0010370497488002178,0.0006414618702992503,5.177851812839889e-05,0.00023995644686932287,0.0009417772754439638,0.00016125309931415654,0.0001165756351005095,0.0005908668611566433,0.00012900247945132524,0.0001251560752475013,0.00021391924918189942,3.5801146820207235e-05,0.02174461059595595,0.00044026534271461457,7.95909792945103e-05,0.002842788583872323,0.0015672617744350223,7.189817088686246e-05,0.00036244962689879225,0.002709939700217174,3.875991928468717e-05,0.002008710626135429,0.00039558787850096753,0.0004106776180698152,0.0006133535318866908,8.728378770215812e-05,0.0001171673895934055,6.893939842238253e-05,0.0036952109308889926,0.00012397256626170934,0.00012160554829012539,3.225061986283131e-05,1.213096710436774e-05,0.0015580895797951346,2.426193420873548e-05,2.7220706673215415e-05,5.7991940303806756e-05,4.023930551692714e-05,2.662895218031943e-05,2.426193420873548e-05,1.6569125801087646e-05,1.3018598843711721e-05,5.325790436063886e-06,1.4793862322399683e-05,4.023930551692714e-05,7.101053914751848e-06,2.3078425222943504e-05,1.6865003047535638e-05,5.029913189615892e-06,5.917544928959873e-05,4.1422814502719115e-06,9.172194639887803e-06,1.2722721597263728e-05,2.4853688701631467e-05,8.876317393439809e-06,7.160229364041447e-05,2.8995970151903378e-05,8.580440146991815e-06,1.213096710436774e-05,1.3314476090159715e-05,3.846404203823918e-06,3.846404203823918e-06,1.923202101911959e-05,6.213422175407867e-06,0.0,5.000325464971093e-05,2.33743024693915e-05,1.0651580872127772e-05,0.00018936143772671594,3.1658865369935325e-05,1.1835089857919746e-05,1.8344389279775606e-05,1.7456757540431626e-05,5.325790436063886e-06,0.0,0.0,5.325790436063886e-06,0.0,0.0,0.0,0.0,0.0,0.0,0.0,3.2546497109279304e-06,0.0,0.0,0.0,0.0,0.0
368258417,0.45194178256571593,0.002434832755043336,0.0013420735702416881,0.0012153502362058667,0.0004499596643300904,0.0005482161624593143,0.022530123192528097,0.010040528509765731,0.0012171868062643568,0.00019834956631693782,0.00048806849304376134,0.013446906825750365,0.00014876217473770335,0.00031680833508955346,0.15961722206840948,0.21960878302899073,0.06286028339194287,0.008444089986423155,0.00043710367392065923,8.723707777828283e-05,0.010572674684213256,0.003798486023472284,0.0010615374938073153,0.003893069381484527,0.0022231680558023447,0.00010101135321695907,0.0008535459346833041,0.0027355711021211006,0.0004958739157923445,0.00032002233269191123,0.00018778928848061936,0.0005619904378979905,0.00032690947041124935,0.0003135943374871957,5.877024187168528e-05,0.0010647514914096732,0.00011616305619950293,4.2700253859896335e-05,0.0019334491290755212,0.001101942035094099,4.729167900612175e-05,0.0002796177914051276,0.0007575851491271931,3.627225865518076e-05,0.0019228888512392026,0.0003608860164933174,0.0003025749171362547,0.00014187503701836525,5.6015386783950034e-05,0.00012350933643346358,2.203884070188198e-05,0.003699770382828437,0.00018503443339288413,0.00017447415555656566,4.1781968830651255e-05,1.9743128128769273e-05,0.0006450952330446704,5.968852690093036e-05,6.427995204715578e-05,0.00017860643818816855,0.0001492213172523259,6.56573795910234e-05,7.070794725187136e-05,5.7392814327817657e-05,2.984426345046518e-05,1.3315132924053695e-05,3.0762548479710266e-05,7.529937239809676e-05,6.427995204715577e-06,1.6529130526411484e-05,3.9486256257538546e-05,6.887137719338118e-06,0.00014554817713534557,0.0,2.4334553274994685e-05,2.8466835906597557e-05,1.1937705380186072e-05,2.2497983216504522e-05,0.00013957932444525254,3.305826105282297e-05,2.0661413158014356e-05,1.1937705380186072e-05,1.2855990409431154e-05,5.509710175470495e-06,0.0,6.887137719338118e-06,0.0,4.5914251462254126e-06,3.627225865518076e-05,4.1781968830651255e-05,1.2855990409431154e-05,0.0005720915732196864,1.0560277836318448e-05,1.836570058490165e-05,8.264565263205742e-06,0.0,0.0,5.509710175470495e-06,9.182850292450825e-06,0.0,0.0,0.0,0.0,0.0,0.0,0.0,0.0,0.0,0.0,0.0,0.0,0.0,0.0
368258423,0.5174055435824274,0.0024248294732642697,0.0012464279364638848,0.001369471703185912,0.0005574912514255732,0.0005293050141148004,0.01651198565537338,0.004408435924009904,0.0009564349179780494,0.00014716468134374634,0.00031221678251932926,0.013380603098751567,0.00013280054117575636,0.0002206115112593177,0.11614057777450143,0.22182514559275657,0.05913635200707691,0.0096705896127211,0.0002368728020155328,8.239053983148967e-05,0.005381674175769376,0.0016104098278904987,0.0005940791556270571,0.002997497929395644,0.0018705904799899396,8.645586252054343e-05,0.0009721541657090573,0.002856295721329176,0.0004932591529385236,0.0002550312433599729,0.00010244613176415491,0.0005154829169720176,0.00035395409546028125,0.00012738011092368467,6.829742117610327e-05,0.0020611186033502593,0.00011545516436912696,3.4148710588051636e-05,0.00178819994015845,0.000929332766717691,2.7373172772962028e-05,0.00023876995260375787,0.0005564071653751589,3.523279663846597e-05,0.003101028147210213,0.0005751076497448062,0.00036940232167868554,0.00014553855226812483,6.341903394923875e-05,0.00014228629411688182,2.5205000672133353e-05,0.0025652186167929264,0.00015448226218404311,0.00016640720873860085,3.902709781491616e-05,1.2738011092368468e-05,0.0003742807089055501,6.0979840335806494e-05,6.206392638622083e-05,0.00019513548907458078,0.00014011812201605313,7.453091596598571e-05,5.528838857113122e-05,6.179290487361725e-05,2.4120914621719015e-05,1.599026924361148e-05,3.4148710588051636e-05,6.152188336101366e-05,7.5886023529003635e-06,1.7887419831836573e-05,2.764419428556561e-05,3.7943011764501818e-06,0.00013605279932699937,0.0,1.9242527394854493e-05,2.7373172772962028e-05,1.4906183193197143e-05,1.897150588225091e-05,0.00016423903663777216,2.1681721008286754e-05,9.21473142852187e-06,7.859623865503949e-06,1.165392504195413e-05,5.962473277278857e-06,6.504516302486026e-06,7.046559327693195e-06,2.9812366386394286e-06,0.0,4.905489378124878e-05,3.008338789899787e-05,2.1139677983079585e-05,5.854064672237423e-05,5.4204302520716885e-06,8.672688403314702e-06,7.859623865503949e-06,0.0,0.0,6.233494789882442e-06,6.504516302486026e-06,0.0,3.7943011764501818e-06,0.0,0.0,0.0,0.0,0.0,0.0,5.962473277278857e-06,0.0,0.0,0.0,0.0,0.0
368258424,0.31232439147023155,0.0011781175751481273,0.002435104946122071,0.0006309583666065285,0.0002908323721076967,0.00030069109658592373,0.017144321867636765,0.010400954324529492,0.000803486044975501,0.0009513669121489061,0.0005619472952589394,0.00617649088560922,0.0005619472952589394,8.872852030404306e-05,0.15911488371634477,0.3367395226405608,0.05016119014521901,0.009996746620922184,0.0003105498210641507,5.915234686936204e-05,0.004416708566245699,0.004845563081048574,0.0005471592085415989,0.0020407559669929905,0.001399938875908235,7.394043358670255e-05,0.0005619472952589394,0.0015872546409945482,0.0003105498210641507,0.00020210385180365365,0.0002661855609121292,0.00021196257628188064,0.00030069109658592373,0.0003746315301726263,9.365788254315657e-05,0.007063776088649651,0.00036970216793351276,0.0,0.012205100904045035,0.0013950095136691216,8.379915806492956e-05,0.0011288239527569924,0.0026224207112083837,0.00024646811195567516,0.03297743337966934,0.006013821931718474,0.0025681977265781353,0.00034998471897705873,0.0005323711218242584,0.00011337533149961058,0.00018731576508631314,0.0016119014521901156,0.0001528102294125186,0.0005077243106286908,0.0,0.00011830469373872408,0.0013062809933650785,0.0,6.901107134758904e-05,0.00011337533149961058,7.886979582581606e-05,0.0,0.0,0.0,0.0,0.0,0.0,4.929362239113503e-05,0.0,0.0,0.0,0.0,0.0001478808671734051,0.0,0.0,5.422298463024854e-05,8.379915806492956e-05,0.0,8.872852030404306e-05,0.0,0.0,0.0,0.0,0.0,0.0,0.0,0.0,0.0,0.0,4.929362239113503e-05,0.0,8.872852030404306e-05,7.394043358670255e-05,8.379915806492956e-05,0.0,0.0,0.0,0.0,0.0,0.0,0.0,0.0,0.0,0.0,0.0,0.0,0.0,0.0,0.0,0.0,0.0,0.0,0.0
368258431,0.4335036161097204,0.0023870881645237816,0.0012054153907284262,0.001136643672715394,0.00046066134923015246,0.0005024156065952077,0.026941047627962473,0.006980329378322773,0.0010405815904114758,0.0003826109073582191,0.0007818689369338785,0.013673291220662517,0.00012280663930898614,0.00017383962053294262,0.14967427585700613,0.25398678109334477,0.05563659277618599,0.009286092257259715,0.0018098969597715468,9.715369687555349e-05,0.009555175249167849,0.002736950634732938,0.001209508945372059,0.004776632461833743,0.0028204591494630483,0.00010070144423336863,0.0008754748864516168,0.0025612006886996334,0.0004552032763719753,0.0003867044620018519,0.0002638978226928658,0.0005752808792518729,0.00037169476164186475,0.00016537960760276802,6.140331965449307e-05,0.001156019831361923,0.00013044794131043417,6.604268158394367e-05,0.0018197214909162658,0.001586661779872101,6.658848886976137e-05,0.0003785173527145862,0.0007300172447811954,2.7563267933794668e-05,0.0004238193574374566,8.350851473011057e-05,0.00020604225039618786,0.00024315714583179255,3.165682257742754e-05,0.00015855701653004654,1.8830351360711208e-05,0.0036129713284703724,0.00019976546660928414,0.0002840926922681213,4.1208450079237574e-05,2.2651002361435223e-05,0.00047403362773268653,5.894718686831335e-05,7.313817629957397e-05,0.00016128605295913514,0.00013508730323988477,6.276783786903737e-05,7.641302001448027e-05,5.758266865376906e-05,3.0565208005792105e-05,9.551627501810034e-06,3.875231729305785e-05,6.931752529884995e-05,1.2007760287989756e-05,1.3372278502534047e-05,3.575037722106041e-05,7.095494715630311e-06,0.0001399995688122442,2.729036429088581e-06,2.0740676861073217e-05,3.274843714906297e-05,1.582841128871377e-05,2.6198749719250378e-05,0.0001563737873867757,3.7114895435604703e-05,1.8284544074893492e-05,9.005820215992316e-06,1.3372278502534047e-05,8.460012930174601e-06,7.3683983585391685e-06,8.460012930174601e-06,6.822591072721452e-06,5.185169215268304e-06,4.448329379414387e-05,5.294330672431847e-05,1.5009700359987195e-05,2.892778614833896e-05,0.0,6.276783786903736e-06,7.3683983585391685e-06,5.458072858177162e-06,0.0,7.641302001448026e-06,8.732916573083459e-06,4.093554643632872e-06,5.458072858177162e-06,0.0,0.0,0.0,0.0,0.0,0.0,0.0,0.0,0.0,2.729036429088581e-06,0.0,0.0
368259698,0.4215694821075047,0.0010507577900148064,0.0007093779633665508,0.0003972782777953385,0.000232244755361094,0.00016037531817198754,0.04694737892828029,0.0028521519240047245,0.001076710642333095,0.0004312166231346387,0.00021560831156731936,0.00563043803756509,0.00013375700810194812,6.52148596715966e-05,0.30954898600875075,0.11801627044203031,0.04159244039994011,0.002944650551498112,0.00024888119915486865,8.052038796186928e-05,0.008440666123209503,0.0028588065015222345,0.0007599527524996257,0.0011512419105292053,0.0006647922939992348,5.057478913307491e-05,0.00021627376931907034,0.0009229899016786172,0.00018965545924903092,0.00010181503601790082,0.0003633399324560382,0.00012643697283268727,0.00011778602205992447,0.00024488845264436276,2.595285231828844e-05,0.011614899599061704,0.00036600176346304216,0.00011911693756342645,0.0030338218902327438,0.0015478547305727928,0.00010580778252840672,0.0005689663777470928,0.0018173651200319419,6.122211316109069e-05,0.0033299505897619324,0.0006135520471144088,0.0009103462043953484,0.00017568084646226023,7.985493021011828e-05,0.0001211133108186794,3.0611056580545346e-05,0.003074414813089554,8.318221896887322e-05,0.00011246236004591658,1.996373255252957e-05,1.5970986042023658e-05,0.0009130080354023524,2.196010580778253e-05,2.595285231828844e-05,5.9225739905837726e-05,4.5916584870818015e-05,2.7283767821790414e-05,2.79492255735414e-05,1.7301901545525627e-05,9.981866276264785e-06,1.3309155035019715e-05,1.1978239531517743e-05,6.05566554093397e-05,0.0,0.00042056929910662296,2.196010580778253e-05,0.0,6.388394416809463e-05,0.0,1.7967359297276616e-05,1.86328170490276e-05,1.5305528290272673e-05,1.0647324028015772e-05,5.390207789182984e-05,1.7967359297276616e-05,1.1978239531517743e-05,6.654577517509857e-06,0.0,0.0,0.0,0.0,0.0,0.0,2.79492255735414e-05,2.2625563559533513e-05,1.1312781779766757e-05,1.1978239531517743e-05,2.79492255735414e-05,6.321848641634364e-05,0.0,0.0,0.0,0.0,0.0,0.0,0.0,0.0,0.0,0.0,0.0,0.0,0.0,0.0,0.0,0.0,0.0,0.0,0.0
368259701,0.4490002815537717,0.0019485951682131869,0.0018412401329581983,0.0011373557036920003,0.0005063916757310777,0.000489174358756221,0.030931416337005687,0.010261520917014558,0.0013095288734405667,0.00022078677061874985,0.0011181128200142194,0.019442401998018995,0.00016913481969417995,0.0002380040875936065,0.13793096463563093,0.220355324911027,0.0629566386935905,0.010108590630943772,0.0005327240428690937,0.00010330390184913984,0.012745878478151224,0.005311035895067542,0.0013844748414487663,0.004675007950349309,0.003201408173971873,0.00012659791893276942,0.0011059594197966737,0.002680837531320325,0.0004425863245889619,0.0002744642882462441,0.0006694497953164847,0.0004911999254591453,0.0003737170566895353,0.00023294017083629571,7.899710141404811e-05,0.0006289384612579985,0.00010026555179475338,8.811215157720752e-05,0.0022331872899740523,0.001877700333610836,7.595875135966166e-05,0.0005894399105509744,0.0005904526939024366,3.3421850598251126e-05,0.0010543074688721037,0.00019647997018365813,0.00021673563721290125,0.0003220651057649654,4.253690076141052e-05,0.000163058119585407,2.9370717192402504e-05,0.002459037977350113,0.0011788798211019489,0.00045170137475212125,4.1524117409948365e-05,3.949855070702406e-05,0.001382449274745842,7.899710141404811e-05,7.393318465673734e-05,0.0002106589371041283,0.0001519175027193233,6.886926789942657e-05,9.52016350374426e-05,5.4690300978956385e-05,3.139628389532681e-05,2.126845038070526e-05,4.354968411287268e-05,9.925276844329122e-05,1.0127833514621554e-05,1.519175027193233e-05,2.4306800435091727e-05,1.2153400217545863e-05,0.00016508368628833132,0.0,1.924288367778095e-05,3.646020065263759e-05,3.3421850598251126e-05,2.3294017083629573e-05,0.00018027543656026364,4.962638422164561e-05,1.3166183569008019e-05,1.519175027193233e-05,1.924288367778095e-05,0.0,1.114061686608371e-05,1.114061686608371e-05,0.0,0.0,3.4434633949713284e-05,6.177978443919148e-05,2.6332367138016038e-05,8.000988476551027e-05,0.0,1.2153400217545863e-05,1.2153400217545863e-05,0.0,0.0,0.0,1.3166183569008019e-05,0.0,0.0,0.0,0.0,0.0,0.0,0.0,0.0,0.0,0.0,0.0,0.0,0.0,0.0
368259706,0.3298842079329884,0.0012887758559315856,0.0006526080734695161,0.000497974031964691,0.00022992580901718987,0.00021467684344506535,0.032296356021411454,0.0029297075105444216,0.0011653545408322028,0.0006473662415540984,0.00017989014073365632,0.003608286478503962,0.00011389071161680493,7.38621769899781e-05,0.36550436191894886,0.16829282588588151,0.04899349679271366,0.0036757154981432003,0.00033905121889270587,6.719075455217362e-05,0.012562050185298759,0.0026082879080944845,0.0008954001971881861,0.0012925880973246166,0.0007233728043276565,5.003566828353355e-05,0.0002978313588305568,0.0012032386896754497,0.0005415765428974846,0.0001436738474998606,0.0005327607346761001,0.00017369524846998075,0.00016225852429088737,0.00017107433251227185,3.240405184076458e-05,0.005056699942768726,0.0002661421022509856,5.527750019895135e-05,0.002986652866352824,0.0013812227097125904,7.481523733823588e-05,0.0003276144947136125,0.001111983161329767,2.1205592748735645e-05,0.0008675231820016459,0.00015725495746253402,0.0002144385783580009,0.0001756013691664963,3.9790269539762394e-05,0.00012437437544764055,6.909687524868919e-06,0.0033116464451087273,9.792695078348708e-05,0.000128901412101865,2.5494364315895665e-05,8.815808221384481e-06,0.0007050263926236942,2.4541303967637882e-05,3.168925657957124e-05,6.981167050988252e-05,5.170352389298467e-05,3.0736196231313464e-05,3.049793114424902e-05,1.906120696515564e-05,1.6678556094511184e-05,8.577543134320037e-06,1.3581109962673391e-05,5.170352389298467e-05,7.624482786062255e-06,1.4295905223866727e-05,2.049079748754231e-05,6.4331573507400274e-06,6.933514033575362e-05,3.3357112189022365e-06,1.2866314701480055e-05,1.7631616442768963e-05,1.4295905223866727e-05,1.04836638308356e-05,8.672849169145815e-05,2.1205592748735645e-05,9.53060348257782e-06,7.1479526119333635e-06,6.671422437804473e-06,2.8591810447733457e-06,4.288771567160018e-06,7.624482786062255e-06,2.6209159577089e-06,0.0,2.1443857835800093e-05,1.7393351355704518e-05,1.2389784527351164e-05,5.265658424124245e-05,5.2418319154178e-06,5.718362089546691e-06,2.8591810447733457e-06,5.480097002482246e-06,0.0,3.3357112189022365e-06,2.8591810447733457e-06,0.0,2.6209159577089e-06,0.0,0.0,0.0,0.0,2.8591810447733457e-06,0.0,0.0,0.0,0.0,0.0,0.0,0.0
368259707,0.5036275433208162,0.0016288276660713819,0.0008026440173309101,0.0006384407348154306,0.00030544107097284993,0.0003068764143514817,0.08707596727072614,0.003753997072473645,0.0009866550384715087,0.0009329731961106787,0.000192336012736663,0.007781283524238787,0.00011138264618182872,8.497232801500336e-05,0.14962249033798605,0.12912894464655675,0.03855160073799615,0.004752134857974208,0.0006171976528116798,6.889648217432705e-05,0.008051128079421568,0.002577876708022737,0.0010124912192868813,0.0014385011340648035,0.0009453171491669123,6.114562792971525e-05,0.0003901263303121269,0.0013664468964574865,0.000247740267151851,0.0001616196644339422,0.0004595969498379067,0.00022333942971511017,0.00019118773803375756,0.0001392283077272859,4.1337889304596225e-05,0.01822886090862403,0.00026582559372261184,5.167236163074528e-05,0.0022839183840789416,0.0011115299124124763,6.028442190253616e-05,0.0003410375867629189,0.0011399497113093863,1.7224120543581762e-05,0.001084258388218472,0.00020582824049580206,0.00027357644796722363,0.00022764545985100562,4.0763751953143506e-05,9.903869312559512e-05,2.0668944652298113e-05,0.02410142480795823,0.00012056884380507233,0.00014812743667480316,2.8132730221183543e-05,1.4353433786318135e-05,0.0009829231456870658,3.186462300562626e-05,3.4448241087163524e-05,9.329731961106787e-05,6.344217733552615e-05,3.818013387160624e-05,3.38741037357108e-05,2.870686757263627e-05,1.6362914516402673e-05,8.612060271790881e-06,1.3492227759139047e-05,4.6505125467670754e-05,5.454304838800891e-06,1.2056884380507233e-05,1.69370518678554e-05,5.454304838800891e-06,8.813008344799335e-05,0.0,1.291809040768632e-05,2.0668944652298113e-05,1.377929643486541e-05,1.492757113777086e-05,8.497232801500336e-05,1.8659463922213574e-05,9.186197623243606e-06,7.46378556888543e-06,8.324991596064518e-06,4.3060301358954405e-06,3.731892784442715e-06,8.037922920338155e-06,0.0,0.0,2.755859286973082e-05,2.239135670665629e-05,1.0908609677601782e-05,1.2631021731959958e-05,4.3060301358954405e-06,4.593098811621803e-06,9.760334974696332e-06,2.6410318166825368e-05,0.0,5.454304838800891e-06,4.0189614601690774e-06,2.8706867572636267e-06,0.0,0.0,0.0,0.0,0.0,0.0,0.0,0.0,0.0,0.0,0.0,0.0,0.0
368259710,0.5834634943697784,0.0008278847318077249,0.0004797796343382976,0.00048129313476207773,0.0002512410703474997,0.00017405254873471365,0.04005630221576462,0.0018267950115026033,0.0004404286233200145,0.0007249667029906768,9.535052669814747e-05,0.005460709528998668,0.00010140452839326795,6.962101949388546e-05,0.17194424264438793,0.10096107276910038,0.02487589296525003,0.0031798643903620293,0.0001619445453444727,5.448601525608427e-05,0.006721455382007507,0.0009852887758808574,0.0006492916818016709,0.0007839932195181015,0.0005917786656980264,3.6324010170722845e-05,0.00017102554788715342,0.0009640997699479355,0.00017707954958227389,9.989102796948783e-05,0.00017253904831093352,0.00012410703474996973,0.0001468095411066715,9.837752754570772e-05,1.9675505509141542e-05,0.0352236953626347,0.0003481050974694273,7.113451991766557e-05,0.0030012713403559754,0.0012789078580942002,6.962101949388546e-05,0.00029815958348468336,0.0011320983169875287,1.8162005085361423e-05,0.0017647414941276184,0.0003632401017072285,0.00031783508899382493,0.00013470153771643056,5.599951567986439e-05,6.205351737498486e-05,1.9675505509141542e-05,0.003935101101828309,8.172902288412641e-05,6.205351737498486e-05,2.4216006780481897e-05,0.0,0.0029513258263712313,0.0,2.5729507204262016e-05,6.50805182225451e-05,3.6324010170722845e-05,1.9675505509141542e-05,1.9675505509141542e-05,1.8162005085361423e-05,1.6648504661581307e-05,0.0,0.0,3.783751059450297e-05,0.0,0.0,0.0,0.0,6.962101949388546e-05,0.0,1.5135004237801187e-05,1.9675505509141542e-05,0.0,0.0,8.172902288412641e-05,2.118900593292166e-05,0.0,1.6648504661581307e-05,0.0,0.0,0.0,0.0,0.0,0.0,1.6648504661581307e-05,2.7243007628042136e-05,0.0,0.000906586753844291,0.0,0.0,0.0,0.0,0.0,0.0,0.0,0.0,0.0,0.0,0.0,0.0,0.0,0.0,0.0,0.0,0.0,0.0,0.0,0.0,0.0
368259717,0.4298616808905141,0.0019898311873736167,0.0010789019749720583,0.0009927620967307763,0.00038547595512973743,0.0004371598820745067,0.018141058357614013,0.0028856859210829506,0.0004177784094702182,0.00015720527779033985,0.00016151227170240395,0.01053275361195277,0.00010982834475763469,0.000122749326493827,0.25709092710197456,0.1922663617314977,0.04438787925773267,0.0072357497722676965,0.00029933607688845533,5.1683926944769266e-05,0.005349286438783619,0.0011327393988728597,0.00047161583337101954,0.0024872889842170206,0.0013351681127398726,0.00011198184171366674,0.0006245141172492953,0.0021104270169114117,0.000286415095152263,0.00017874024735066037,8.61398782412821e-05,0.00042639239729434645,0.00029933607688845533,6.891190259302569e-05,6.891190259302569e-05,0.001470838420969892,0.00016151227170240395,6.245141172492953e-05,0.0025174379416014695,0.001393312530552738,6.460490868096158e-05,0.0002541126408117822,0.0006718910502820004,3.230245434048079e-05,0.0027650900915451556,0.0004673088394589554,0.0004306993912064105,0.000368247979481481,0.00013136331431795522,0.00023473116820749374,9.044687215334621e-05,0.0031634870284110855,0.00012490282344985906,0.000122749326493827,4.522343607667311e-05,0.0,0.000777412401127571,4.953042998873721e-05,4.953042998873721e-05,0.0001722797564825642,0.00010552135084557058,4.306993912064105e-05,4.522343607667311e-05,4.0916442164609e-05,2.1534969560320526e-05,0.0,0.0,5.814441781286542e-05,0.0,0.0,0.0,0.0,0.00011198184171366674,0.0,0.0,3.4455951296512844e-05,0.0,0.0,7.967938737318594e-05,0.0,0.0,0.0,0.0,0.0,0.0,0.0,0.0,0.0,4.522343607667311e-05,2.3688466516352578e-05,2.3688466516352578e-05,0.00010121435693350647,0.0,0.0,0.0,0.0,0.0,0.0,0.0,0.0,0.0,0.0,0.0,0.0,0.0,0.0,0.0,0.0,0.0,0.0,0.0,0.0,0.0
368259718,0.47533106054236735,0.0012646790995200614,0.0006844424340099208,0.0005008981826750805,0.000291302489215295,0.0003291954959424879,0.03310783047142453,0.003854429278031648,0.0005790525090499158,0.0003102489925788915,0.0001918333465564138,0.003529970407930059,0.00011012655080090422,9.11800474373078e-05,0.19030104809688295,0.20384898215831462,0.03462236658405202,0.005685135165539153,0.0002320946662040562,8.644342159640869e-05,0.009275497552940675,0.0019420165947686336,0.0012374435009348916,0.002735401423119234,0.0006453652708225033,8.762757805663346e-05,0.00034814199930608433,0.0022759487165520207,0.0003706409720503551,0.0001823600948746156,0.00034577368638563476,0.0002877500198346207,0.0002664352035505747,0.0001468354010678723,4.026131964764241e-05,0.004909512684091923,0.0014209877522697318,6.749691823281226e-05,0.00524818143171621,0.002299631845756516,9.710082973843168e-05,0.0005447119717033972,0.002209635954779433,4.026131964764241e-05,0.0018982028057403168,0.0003635360332890064,0.00030195989735731804,0.00017643931257349172,4.9734571329440614e-05,0.00012315227186337677,2.9603911505619414e-05,0.0021314816284045976,0.0001207839589429272,0.00013973046230652365,2.4867285664720307e-05,0.0,0.0012362593444746666,3.9077163187417625e-05,6.868107469303704e-05,9.946914265888123e-05,0.0005044506520557548,4.855041486921584e-05,5.210288424989017e-05,5.447119717033972e-05,1.420987752269732e-05,0.0,3.6708850266968075e-05,5.447119717033972e-05,2.4867285664720307e-05,0.0,2.3683129204495532e-05,0.0,0.00010420576849978034,0.0,1.5394033982922096e-05,2.4867285664720307e-05,1.8946503363596425e-05,1.1841564602247766e-05,8.525926513618391e-05,1.657819044314687e-05,1.420987752269732e-05,0.0,0.0,0.0,0.0,0.0,0.0,0.0,2.3683129204495532e-05,3.315638088629374e-05,0.0,4.144547610786718e-05,0.0,0.0,0.0,0.0,0.0,1.657819044314687e-05,0.0,0.0,0.0,0.0,0.0,0.0,0.0,0.0,0.0,0.0,0.0,0.0,0.0,0.0,0.0
368259737,0.5173438397975956,0.0013039907877857694,0.0006852410180699497,0.0005192246527526318,0.0003121277072419981,0.00022911952458333916,0.052543756111795084,0.004288050252137355,0.0006098560358595349,0.0005899510124668973,0.00021641419050293217,0.0042821210962331645,7.496147107440117e-05,7.750253789048257e-05,0.221559850805497,0.12582346446508638,0.02873184248943234,0.003991168945791845,0.0002680825490965872,0.00011392449558764924,0.006838434313211049,0.002201834396134529,0.0008792091183641628,0.0011752434024376454,0.0006098560358595349,6.733827062615698e-05,0.0002744352161367907,0.0011282336663401395,0.00019820321165434885,0.00011095991763555427,0.0003167863297381473,0.0001380646303404225,0.00019820321165434885,0.0001279003630760969,3.345737974507171e-05,0.006368760463372004,0.0003709957551478837,7.496147107440117e-05,0.0036222907463240293,0.0021438133705006706,0.00010079565037122869,0.0004510393598544477,0.002221739419527167,2.5410668160813955e-05,0.0006882055960220447,0.00012832387421211048,0.00019905023392637598,0.00018549787757394186,2.9645779520949612e-05,0.00014484080851663955,1.3975867488447676e-05,0.0034300166905738704,0.00010799533968345931,0.00014145271942853102,2.0328534528651165e-05,1.7363956576556203e-05,0.0008563395170194302,3.72689799691938e-05,3.515142428912597e-05,8.512573833872674e-05,5.8021025633858526e-05,3.8116002241220934e-05,2.8375246112908917e-05,2.0752045664664728e-05,1.355235635243411e-05,4.658622496149225e-06,1.2281822944393411e-05,3.938653564926163e-05,5.082133632162791e-06,1.2705334080406977e-05,2.8798757248922483e-05,0.0,6.860880403419768e-05,0.0,1.1011289536352713e-05,1.2281822944393411e-05,1.355235635243411e-05,1.143480067236628e-05,6.395018153804845e-05,1.86344899845969e-05,7.199689312230621e-06,7.623200448244186e-06,5.5056447681763565e-06,6.352667040203489e-06,4.235111360135659e-06,5.929155904189923e-06,0.0,5.082133632162791e-06,2.9222268384936046e-05,2.0328534528651165e-05,1.355235635243411e-05,4.658622496149225e-05,7.199689312230621e-06,5.929155904189923e-06,0.0,6.352667040203489e-06,0.0,0.0,0.0,0.0,4.658622496149225e-06,0.0,0.0,0.0,0.0,0.0,0.0,0.0,0.0,0.0,0.0,0.0,0.0
368259760,0.4676511827201453,0.0012495381295175693,0.0009215776370749385,0.00036776572371535103,0.00020017993118310088,0.00021460211642684014,0.045441132822268776,0.009877754673437017,0.004375114115540741,0.0005561194629985858,0.00031728807536226367,0.00541610744643384,0.0001747968851541198,6.259228395782837e-05,0.22381789279758954,0.146503730586657,0.04066940861252521,0.0036548701844684025,0.0006821693620288669,7.239936992357107e-05,0.01470572540563117,0.004159069780589527,0.001421739021327816,0.0012881895859707905,0.0007617798245743076,6.778427064557451e-05,0.00025959933438730664,0.0010254173708298612,0.00020219903711722438,0.00014681784578126565,0.0009406149215966744,0.00012864589237415418,0.0001592209250908814,0.0002893090359894095,4.297811202634299e-05,0.007834131024399164,0.0002858477115309121,8.826377369168425e-05,0.0031287488667767946,0.0020217019274673693,0.00011191615749141664,0.0006034242305980505,0.0017537377256386937,3.547857569959857e-05,0.000530159529559855,9.951307818180087e-05,0.00027113708258229806,0.0002936356915625313,5.336208540183525e-05,0.00014710628948614042,1.7018178587612325e-05,0.0025913782445950695,0.00023594695058757424,0.0001323956605375264,2.740215196310459e-05,1.8748840816861036e-05,0.0009818623713937686,2.7690595667979373e-05,3.403635717522465e-05,6.720738323582493e-05,4.384344314096734e-05,3.028658901185244e-05,4.442033055071691e-05,2.2210165275358455e-05,2.8555926782603728e-05,4.038211868246992e-06,1.4133741538864472e-05,4.7304767599464764e-05,1.067241708036705e-05,7.211092621869629e-06,1.9325728226610604e-05,8.653311146243554e-06,6.20153965480788e-05,2.8844370487478513e-06,1.586440376811318e-05,2.2787052685108026e-05,2.2498608980233242e-05,1.067241708036705e-05,7.75913566113172e-05,3.893990015809599e-05,1.8748840816861036e-05,1.2114635604740977e-05,1.067241708036705e-05,5.480430392620918e-06,8.076423736493985e-06,1.067241708036705e-05,0.0,3.749768163372207e-06,3.4901688289849e-05,2.2787052685108026e-05,4.528566166534127e-05,1.3268410424240116e-05,0.0,4.615099277996562e-06,1.0960860785241835e-05,8.364867441368769e-06,2.8844370487478513e-06,4.326655573121777e-06,1.6441291177862753e-05,4.615099277996562e-06,3.4613244584974216e-06,0.0,0.0,0.0,0.0,0.0,3.1728807536226367e-06,0.0,0.0,0.0,0.0,4.326655573121777e-06,0.0
368259764,0.4296059681525619,0.0010265440820143197,0.0009282579465023104,0.0003440014742920327,0.0002375248274873559,0.00021022312317846441,0.051237108476496644,0.02822586699974746,0.001573943253407594,0.0006989236303076219,0.0010306393376606534,0.004193541781845732,0.00010511156158923221,5.050815297144924e-05,0.25908361829487203,0.12391015009111944,0.029364348069428232,0.003102838694705517,0.0004272716724341517,5.733357904867211e-05,0.012416815119683846,0.013601709086689737,0.0010047027185672065,0.0012354021199773395,0.000846352833575636,4.914306775600467e-05,0.0002375248274873559,0.0010101630594289849,0.0002006675266703524,0.00012968309546723455,0.0003003187473978063,0.00014196886240623572,0.00011057190245101051,0.00014469903283712487,4.7777982540560096e-05,0.01142985850891742,0.0003262553664912532,6.825426077222871e-05,0.002433946939137676,0.0012900055285951226,7.234951641856243e-05,0.00030304891782869547,0.0022332794124673232,1.5015937369890316e-05,0.0007521619537099604,0.00015698479977612604,0.0005146371262226045,0.00022796923097924388,3.958747124789265e-05,9.828613551200934e-05,1.7746107800779465e-05,0.0018715318303745112,0.00011466715809734422,0.00010238139115834306,1.638102258533489e-05,0.0,0.010246329627126974,3.003187473978063e-05,0.0,5.733357904867211e-05,5.596849383322754e-05,2.4571533878002336e-05,2.4571533878002336e-05,1.7746107800779465e-05,0.0,0.0,0.0,2.8666789524336055e-05,0.0,0.0,5.050815297144924e-05,0.0,6.961934598767328e-05,0.0,0.0,2.0476278231668613e-05,1.638102258533489e-05,0.0,6.142883469500583e-05,2.1841363447113185e-05,0.0,0.0,0.0,0.0,0.0,1.5015937369890316e-05,0.0,0.0,3.276204517066978e-05,3.003187473978063e-05,0.0,0.00019384210059312953,0.0,0.0,0.0,2.7301704308891483e-05,0.0,0.0,0.0,0.0,0.0,0.0,0.0,0.0,0.0,0.0,0.0,0.0,0.0,0.0,0.0,0.0,0.0
368259770,0.4008701660028202,0.0012197207384891723,0.001028327032971962,0.0004217797371917217,0.00019266796454195866,0.00021917255225672547,0.03908687617693749,0.0020946269848814265,0.001758732305957747,0.000530091754295336,0.00013532630842828049,0.0032542026974024738,0.00010958627612836273,9.174664978188509e-05,0.29374142582958723,0.16961101204455115,0.03611530413122421,0.008154238351169987,0.0006952357239027292,6.396780304236987e-05,0.009951962983285035,0.003774864934914672,0.000799215260322199,0.0010622223230302695,0.0004577138416896267,5.1225212794885836e-05,0.0002839049107139444,0.0009870410405701136,0.000180435077904374,0.0001113702387630105,0.0012085072590713862,0.0001258967916451423,0.00013634571564807922,0.00041591814567787903,2.8033698544464888e-05,0.008859158443660803,0.0005170943122429023,7.518128246015583e-05,0.00221950436930677,0.0013654959709203896,7.212306080075966e-05,0.0003827874110344205,0.0012044296301921913,2.3191514250420952e-05,0.0007528322318213571,0.00013456175301343145,0.0003144871273079061,0.00031601623813760416,4.663788030579158e-05,0.00013609086384312955,1.8349329956377017e-05,0.00257884541428582,0.00011519301583725572,9.047239075713667e-05,2.268181064052159e-05,1.2487738442534359e-05,0.0009689465624186863,2.4465773275169354e-05,3.160162381376042e-05,6.90648391413635e-05,4.179569601174765e-05,2.8033698544464888e-05,4.026658518204956e-05,1.7584774541527974e-05,1.1978034832634997e-05,6.880998733641381e-06,8.919813173238827e-06,4.1540844206797965e-05,6.37129512374202e-06,9.42951678313819e-06,2.1917255225672547e-05,5.606739708892977e-06,6.90648391413635e-05,2.8033698544464887e-06,9.174664978188508e-06,1.5291108296980846e-05,1.4271701077182124e-05,1.0448924002936912e-05,5.249947181963424e-05,2.3956069665269995e-05,9.174664978188508e-06,7.135850538591062e-06,4.587332489094254e-06,5.351887903943297e-06,4.842184294043935e-06,5.351887903943297e-06,2.8033698544464887e-06,2.5485180494968077e-06,3.1346772008810735e-05,2.0642996200924144e-05,6.626146928691701e-06,9.68436858808787e-06,3.3130734643458503e-06,6.37129512374202e-06,3.567925269295531e-06,6.37129512374202e-06,0.0,3.3130734643458503e-06,8.639476187794178e-05,2.5485180494968077e-06,0.0,0.0,0.0,0.0,0.0,0.0,0.0,1.9623588981125422e-05,0.0,0.0,0.0,0.0,0.0
368259776,0.4139068181634124,0.0011039471141998697,0.000834381323371354,0.00040955489250341006,0.0002186606629467359,0.000277664333900617,0.046904216217216806,0.003973839392007663,0.0010215733618093533,0.0004111746011178303,0.00020593438097629094,0.004136041640394607,0.00010181025576355956,5.5070092890289034e-05,0.3115775614824036,0.12221858430525491,0.04042746424204,0.0036931670278231234,0.00040608408832965237,7.520075709808377e-05,0.0089923908403164,0.0017152714226710615,0.002748414131726274,0.0034668705956941203,0.000662923597187723,5.321899733095159e-05,0.00024226213132828834,0.0011226894567381615,0.00020477744625170503,0.00013420442805196488,0.00035055122154952894,0.0001302708499883728,0.00016011976588268913,0.00011175989439499834,4.3037971754595636e-05,0.014113678092168363,0.0006388593549163363,7.890294821675866e-05,0.002770627278438323,0.0016076764932845724,9.926499936947058e-05,0.0005768476536785318,0.0013200625207525165,4.3037971754595636e-05,0.0009560908563977912,0.0001883489731625852,0.00022398256267983104,0.0002693344038835985,4.442629342409872e-05,0.0001013474818737252,2.6840885610392977e-05,0.0026905673954969785,9.90336124245534e-05,0.0004438001603511528,2.6609498665475797e-05,9.718251686521595e-06,0.000822811976125495,2.2675920601883722e-05,3.077446367398505e-05,6.733360097089962e-05,4.211242397492691e-05,2.8691981169730424e-05,2.7303659500227337e-05,2.0593438097629094e-05,1.3420442805196488e-05,7.867156127184148e-06,1.5502925309451116e-05,3.4476654792659946e-05,1.3420442805196488e-05,7.404382237349786e-06,1.5965699199285476e-05,4.627738898343617e-06,6.687082708106526e-05,2.77664333900617e-06,1.0412412521273137e-05,1.5502925309451116e-05,1.4808764474699572e-05,8.792703906852872e-06,7.080440514465733e-05,2.522117699597271e-05,1.1337960300941861e-05,1.2032121135693403e-05,7.635769182266968e-06,4.164965008509255e-06,6.478834457681063e-06,6.0160605678467014e-06,3.2394172288405316e-06,2.5452563940889893e-06,3.054307672906787e-05,3.0311689784150688e-05,1.2494895025527765e-05,1.1337960300941861e-05,4.859125843260798e-06,7.404382237349786e-06,0.0,1.3651829750113668e-05,0.0,3.933578063592074e-06,5.7846736229295205e-06,6.247447512763882e-06,3.2394172288405316e-06,0.0,0.0,0.0,0.0,0.0,0.0,0.0,0.0,0.0,0.0,0.0,0.0
368260393,0.48996518380545306,0.0011650058297028815,0.0012133010700355765,0.0005920061718201323,0.0002533163250998777,0.00023244031798832563,0.04681553648534037,0.0037573696978836714,0.0034747646463884818,0.0008883208399258933,0.000210941146485384,0.005302505806334217,0.00010344528897067575,7.509130916244836e-05,0.19314450621388374,0.14642026331188193,0.040844998451436486,0.00409699429119101,0.00046363430719387205,0.0001106116794716563,0.012414992587459565,0.007439959668800589,0.0014286043672606878,0.0016364296917891236,0.0011572162748105113,6.66785898786886e-05,0.0013276517358555705,0.0019106220240005533,0.00033027712743649486,0.00017479761178478643,0.0005851513635148466,0.00020315159159301383,0.0001922462147436956,0.00015174052930337075,3.146980176517546e-05,0.01679490351234146,0.0005243928353543593,8.225769966342891e-05,0.0027668498977698815,0.0013631721061647783,7.851871331509123e-05,0.0002938220105402025,0.0021658078422746,3.209296615656507e-05,0.0009160516553427311,0.0001782250159374293,0.0004387077315382875,0.0003028578942153519,5.141106228964307e-05,0.00012650237145209143,1.7448602958909164e-05,0.00313108948453711,0.0001056263643405394,0.0001346035085401564,2.741923322114297e-05,1.8383349545993583e-05,0.001225452775667674,2.305708248141568e-05,2.7730815416837778e-05,7.851871331509123e-05,6.636700768299378e-05,4.175201422310407e-05,3.115821956948065e-05,2.835397980822739e-05,1.7448602958909164e-05,8.724301479454582e-06,1.7137020763214358e-05,3.5208788113513136e-05,9.347465870844194e-06,1.1216959045013034e-05,0.00010188737799220172,4.050568544032485e-06,8.13229530763445e-05,0.0,1.620227417612994e-05,1.9006513937383194e-05,1.9318096133078003e-05,1.3086452219181872e-05,9.939472042664327e-05,1.776018515460397e-05,1.246328782779226e-05,8.724301479454582e-06,9.347465870844194e-06,7.1663905009805494e-06,3.738986348337678e-06,7.1663905009805494e-06,3.427404152642871e-06,4.673732935422097e-06,3.9570938853240426e-05,2.212233589433126e-05,9.970630262233807e-06,7.477972696675356e-05,3.115821956948065e-06,1.1840123436402647e-05,5.608479522506517e-06,3.770144567907159e-05,0.0,3.427404152642871e-06,5.608479522506517e-06,0.0,4.673732935422097e-06,0.0,0.0,0.0,0.0,0.0,0.0,0.0,0.0,0.0,0.0,0.0,0.0
368297838,0.4078739918167623,0.0027904308546810473,0.002142686183853112,0.0011530235049635098,0.0005090779231140373,0.0005432697239202039,0.03395435774501274,0.014700574802162442,0.0019527317349299638,0.00035521481948628717,0.0014246583669236118,0.01290550525983869,0.0002811325844062594,0.00016715991505237044,0.15839541677905639,0.22477499895525052,0.06076642821051512,0.009222288495218847,0.0007237264503971947,0.0001291690252677408,0.011568225939419727,0.0065667252992732345,0.0013296811424620377,0.0042986691791308445,0.002488403280893242,0.00014436538118159264,0.001137827149049658,0.0028018281216164362,0.0005014797451571113,0.0003951052537601483,0.0006857355606125651,0.0005204751900494261,0.0004084020651847687,0.0004482924994586298,0.00011017358037542597,0.0020344121479669176,0.00020894989381546304,6.648405712310189e-05,0.0026327686620748344,0.003533152749970557,0.00013486765873543525,0.0008130050413910744,0.0009117813548311115,3.609134529539816e-05,0.001170119405366593,0.00021654807177238898,0.0003210230186801205,0.0004406943215017039,7.978086854772225e-05,0.00022224670524008343,3.989043427386113e-05,0.002693554085730242,0.00027543395093856493,0.0007864114185418337,6.648405712310189e-05,3.989043427386113e-05,0.013327204136448079,6.838360161233337e-05,7.598177956925929e-05,0.0002260457942185464,0.00018995444892314824,9.307767997234264e-05,6.838360161233337e-05,4.748861223078706e-05,5.698633467694447e-05,0.0,4.748861223078706e-05,9.307767997234264e-05,0.0,0.0,3.609134529539816e-05,2.4694078360009268e-05,0.00018615535994468527,0.0,2.2794533870777788e-05,5.128770120925002e-05,0.0,0.0,0.0001481644701600556,4.9388156720018536e-05,3.7990889784629644e-05,0.0,3.609134529539816e-05,0.0,0.0,2.659362284924075e-05,0.0,0.0,3.609134529539816e-05,7.40822350800278e-05,2.8493167338472235e-05,1.8995444892314822e-05,0.0,0.0,0.0,0.0,0.0,0.0,3.4191800806166684e-05,0.0,0.0,0.0,0.0,0.0,0.0,0.0,0.0,0.0,0.0,0.0,0.0,0.0,0.0
368297861,0.44866411223976277,0.002011568442056057,0.00165906664820093,0.0008771224910962663,0.00036361543165654186,0.0003559213747171009,0.06201438389696575,0.00912629139046427,0.0023962712890281037,0.0007936277250497406,0.0006896154738313724,0.008548382224790707,0.0002453549268466164,8.662938183666828e-05,0.21256456596115014,0.13993466320833056,0.038354018947897556,0.005029063587676058,0.0010327134203160719,6.953147752679954e-05,0.009985746047107006,0.006912967677551763,0.0010794476920963796,0.0018217817042165143,0.0010481015341949537,8.206994068736995e-05,0.00046335320679744284,0.001598369087900896,0.0002764161196762113,0.00015644582443529896,0.001144704693545712,0.0002598881455100048,0.00021429373401702154,0.0002607430407254983,5.499825886341111e-05,0.013501645103359682,0.00030063815078185867,7.494581389159131e-05,0.0037222137682584246,0.0015487851654022767,8.833917226765516e-05,0.0005667955278721487,0.0017331575668770279,5.157867800143736e-05,0.0037324725108443457,0.0006822063819637627,0.0005129371292960622,0.00028297031632832764,8.662938183666828e-05,0.00012509966653387295,3.419580861973748e-05,0.00997890688538306,0.00014219757084374168,0.0002863898971903014,3.277098326058175e-05,1.2253498088739263e-05,0.0008665787834385139,4.0465040200022686e-05,3.7900354553542375e-05,0.00010800176222400421,6.61118966648258e-05,4.730420192397018e-05,3.7045459338048936e-05,3.391084354790633e-05,2.7071681823958836e-05,9.403847370427806e-06,2.0517485171842487e-05,5.8702804797216006e-05,7.409091867609787e-06,1.510314880705072e-05,4.2744760774671846e-05,7.409091867609787e-06,9.631819427892724e-05,4.274476077467185e-06,1.567307895071301e-05,2.2227275602829362e-05,2.080245024367363e-05,1.5958044022544157e-05,0.00010914162251132878,3.163112297325717e-05,1.3393358376063846e-05,1.3963288519726138e-05,9.973777514090098e-06,3.419580861973748e-06,3.989511005636039e-06,6.55419665211635e-06,4.844406221129476e-06,0.0,3.505070383523091e-05,4.1889865559178413e-05,1.8522729669024468e-05,0.0003713094885959828,8.54895215493437e-06,1.2253498088739263e-05,7.124126795778642e-06,1.2253498088739263e-05,0.0,5.9842665084540585e-06,6.839161723947496e-06,0.0,3.7045459338048934e-06,0.0,0.0,0.0,0.0,0.0,0.0,0.0,5.6993014366229135e-06,0.0,0.0,0.0,0.0
368297885,0.4719502361479092,0.0010607456898206811,0.0006431670698460239,0.00039837960296432824,0.0002111891871136198,0.00015359213608263258,0.07364742925162232,0.006690857428099681,0.0013871289789962754,0.0006383673155934416,0.0002639864838920247,0.003191836577967208,0.00033118304342817645,0.0,0.15370253043044196,0.10810006527665783,0.032503935798487114,0.0028942518143071074,0.000340782551933341,5.7597051030987213e-05,0.00641247168144991,0.0036718120032254347,0.0008543562569596437,0.0010847444610835924,0.000681565103866682,8.639557654648082e-05,0.0001775909073455439,0.0009791498675267825,0.00015839189033521484,0.00011039434780939215,0.000753561417655416,0.00011039434780939215,0.00012959336481972123,0.00015359213608263258,0.0,0.07825039357984871,0.0005711707560572899,0.0001199938563145567,0.01458165341934493,0.004674960642015129,0.00018239066159812619,0.0012767346311868832,0.001987098260569059,0.0001055945935568099,0.010065084667665015,0.0017471105479399454,0.0010895442153361747,0.0006431670698460239,0.0002063894328610375,0.0001775909073455439,0.0,0.006580463080290289,0.00015839189033521484,7.199631378873402e-05,0.0,0.0,0.0035230196213953844,0.0,0.0,9.599508505164535e-05,7.679606804131629e-05,0.0,0.0,0.0,0.0,0.0,0.0,0.0,0.0,0.0,0.0,0.0,0.0,0.0,0.0,0.0,0.0,0.0,7.199631378873402e-05,0.0,0.0,0.0,0.0,0.0,0.0,0.0,0.0,0.0,0.0,0.0,0.0,0.0002111891871136198,0.0,0.0,0.0,0.0,0.0,0.0,0.0,0.0,0.0,0.0,0.0,0.0,0.0,0.0,0.0,0.0,0.0,0.0,0.0,0.0,0.0
368299257,0.46429684716553987,0.0020242599268033767,0.0012158927697219003,0.0009303007648396947,0.0004729484619857799,0.000442768881328015,0.027803495686649263,0.005360015053331775,0.0007395009998758384,0.000423931961857061,0.0004194759163908138,0.014567622819246794,0.000121123417673446,0.00015130299833121096,0.16214435440306915,0.2149341123040935,0.05342636476013411,0.008397620228663999,0.0004413510486796636,8.831071924017133e-05,0.012282684232667958,0.002124723497315131,0.0013402569477344352,0.003209770568346319,0.002198855890071789,9.519733496073515e-05,0.0007504385660202633,0.0022806850886337823,0.0004306160300564318,0.0002292837939905366,0.00020193987862947434,0.00043628736064983724,0.000329342269459905,0.00017196284549290242,6.116935140030216e-05,0.0007453748779904369,0.0001124138742621447,4.516809722605093e-05,0.0021287744477389925,0.0011172521269008832,4.31426220141204e-05,0.00025520987670324744,0.0006416705471395935,1.559615913186512e-05,0.0007917582603436462,0.000158999804136547,0.00021490291998582978,0.00047639176984606184,3.342034099685383e-05,0.00016041763678489838,1.8229276907374815e-05,0.006118150425157375,0.00024467740560120865,0.00025520987670324744,4.2332431929348185e-05,2.0052204598112297e-05,0.0004603905156718106,4.88139526075259e-05,5.3877640637352235e-05,0.00015049280824643875,0.00011565463460123356,6.88661572056382e-05,6.481520678177712e-05,4.31426220141204e-05,2.5723535191517796e-05,1.1140113665617944e-05,2.653372527629001e-05,5.6915853455248035e-05,9.722281017266568e-06,1.620380169544428e-05,3.119231826373024e-05,6.684068199370766e-06,0.00012699729578804456,3.645855381474963e-06,2.2887869894815048e-05,2.815410544583444e-05,1.8836919470953976e-05,1.9444562034533136e-05,0.00013996033714439997,2.9774485615378865e-05,1.1342661186810996e-05,1.154520870800405e-05,1.3975778962320692e-05,7.696805805336034e-06,5.671330593405498e-06,6.684068199370766e-06,4.861140508633284e-06,5.671330593405498e-06,4.9421595171105054e-05,3.7066196378328794e-05,1.9242014513340084e-05,9.519733496073516e-06,3.240760339088856e-06,1.0127376059652675e-05,5.873878114598552e-06,2.025475211930535e-06,0.0,7.49425828414298e-06,9.924828538459622e-06,3.0382128178958028e-06,4.4560454662471775e-06,0.0,0.0,0.0,0.0,0.0,0.0,3.0382128178958028e-06,0.0,0.0,0.0,2.025475211930535e-06,2.2280227331235888e-06
368299282,0.5010816925243817,0.0017080135313779713,0.0009113355806623834,0.0006686880382168398,0.0003540461699907504,0.00029627294559895427,0.03772384161722365,0.004022201509451403,0.0011249483744392294,0.0007634953808085052,0.0002494618201943195,0.006375793789289496,0.0001250271830427587,0.00010725080630682145,0.18819050113383656,0.14084341797061328,0.05878292259039732,0.005388019788662582,0.0004236703122065046,0.00031730832473648003,0.011058980240372166,0.0023023370602494736,0.0009451106964606642,0.0022389346498912976,0.0011234670097112346,7.732723880132706e-05,0.00043463241119366593,0.0017666755746065643,0.0012105712557173272,0.00027612638529822536,0.00045685288211358747,0.00024116617771754878,0.0002346481729143718,0.0001484327457450761,4.6514852459035824e-05,0.008992772717765059,0.00020946497253846068,4.0293120601457784e-05,0.0022267874591217402,0.0015373603147129738,5.56993137726034e-05,0.00026397919452866825,0.0011664265868230829,2.6664565103905884e-05,0.0014618107135852404,0.00028738475723098566,0.0002767189311894233,0.00016946812488260186,4.621857951343687e-05,0.00012739736660755035,1.451737433434876e-05,0.008931740490971675,0.00012739736660755035,0.00021153888315765337,3.584902641747347e-05,1.8961468518333075e-05,0.0005285509349485344,3.4071388743879744e-05,4.355212300304628e-05,0.00010725080630682145,7.673469291012916e-05,5.007012780622327e-05,3.792293703666615e-05,3.0812386342291244e-05,1.7480103790338302e-05,1.3036009606353988e-05,1.7183830844739346e-05,6.369868330377517e-05,1.185091782395817e-05,3.644157230867137e-05,3.1404932233489154e-05,8.591915422369673e-06,0.0001004365285580455,4.740367129583269e-06,1.5406193171145622e-05,1.9850287355129937e-05,2.370183564791634e-05,1.5406193171145622e-05,9.33259778636706e-05,2.6368292158306932e-05,1.5406193171145622e-05,6.518004803176994e-06,9.184461313567582e-06,5.629185966380131e-06,7.110550694374903e-06,7.999369531171766e-06,3.8515482927864054e-06,4.740367129583269e-06,4.769994424143164e-05,3.3478842852681834e-05,1.5109920225546668e-05,0.00014161846799630015,6.8142777487759486e-06,9.77700720476549e-06,5.036640075182223e-06,7.999369531171766e-06,0.0,5.3329130207811766e-06,6.22173185757804e-06,0.0,4.444094183984314e-06,0.0,0.0,0.0,0.0,0.0,0.0,0.0,0.0,0.0,0.0,0.0,0.0
