Samples,Actinobacteria,Rubrobacteria,Coriobacteriia,Acidimicrobiia,Nitriliruptoria,Thermoleophilia,Bacilli,Clostridia,Negativicutes,Tissierellia,Erysipelotrichia,Deinococci,Mollicutes,Ardenticatenia,Gammaproteobacteria,Alphaproteobacteria,Betaproteobacteria,Deltaproteobacteria,Epsilonproteobacteria,Oligoflexia,Flavobacteriia,Bacteroidia,Sphingobacteriia,Cytophagia,Chitinophagia,Chlorobia,Gemmatimonadetes,Planctomycetia,Opitutae,Verrucomicrobiae,Fusobacteriia,Vicinamibacteria,Acidobacteriia,Spirochaetia,Synergistia,Malasseziomycetes,Ustilaginomycetes,Tremellomycetes,Eurotiomycetes,Sordariomycetes,Leotiomycetes,Dothideomycetes,Saccharomycetes,Schizosaccharomycetes,Coscinodiscophyceae,Bacillariophyceae,Conoidasida,Aconoidasida,Eumycetozoa,Kinetoplastea,Cryptophyceae,Halobacteria,Methanomicrobia,Methanobacteria,Thermococci,Thermoplasmata,Caudoviricetes,Limnochordia,Gloeobacteria,Thermomicrobia,Chloroflexia,Tepidiformia,Anaerolineae,Caldilineae,Dehalococcoidia,Ktedonobacteria,Fimbriimonadia,Acidithiobacillia,Zetaproteobacteria,Hydrogenophilalia,Saprospiria,Ignavibacteria,Phycisphaerae,Methylacidiphilae,Kiritimatiellae,Lentisphaeria,Chlamydiia,Blastocatellia,Nitrospira,Thermotogae,Aquificae,Deferribacteres,Thermodesulfobacteria,Calditrichae,Chrysiogenetes,Methanococci,Archaeoglobi,Methanopyri,Thermoprotei,Nitrososphaeria,Herviviricetes,Pisoniviricetes,Revtraviricetes,Megaviricetes,Pokkesviricetes,Papovaviricetes,Repensiviricetes,Chthonomonadetes,Fibrobacteria,Chlorarachniophyceae,Candidatus Brocadiae,Quintoviricetes,Monjiviricetes,Coprothermobacteria,Spartobacteria,Endomicrobia,Dictyoglomia,Tectiliviricetes,Candidatus Babeliae,Alsuviricetes,Caldisericia,Elusimicrobia,Ellioviricetes
368257968,0.557205416,0.000860635,0.000630329,0.000339732,0.000210411,0.000187802,0.061309787,0.001853003,0.000754827,0.000542004,9.07E-05,0.003719572,0.000119072,6.90E-05,0.173625855,0.104927265,0.033007397,0.003639387,0.000279443,0.000115756,0.010187751,0.001420124,0.001777038,0.001022815,0.000727395,5.28E-05,0.000284869,0.001132542,0.000312903,0.000137159,0.000247188,0.00013113,0.000144092,0.000107316,3.35E-05,0.019108213,0.000742467,0.000138063,0.005590663,0.002290405,0.0001456,0.000633343,0.003224292,5.15E-05,0.001677259,0.000311999,0.0004371,0.000183884,5.31E-05,0.000159768,2.26E-05,0.002115264,0.000106411,9.77E-05,2.83E-05,1.42E-05,0.00094685,2.14E-05,2.11E-05,6.57E-05,4.73E-05,3.44E-05,3.10E-05,1.84E-05,1.42E-05,8.74E-06,1.39E-05,3.23E-05,6.93E-06,5.12E-06,2.35E-05,6.03E-06,6.63E-05,5.43E-06,1.27E-05,1.63E-05,1.06E-05,1.09E-05,5.55E-05,2.17E-05,9.95E-06,8.74E-06,7.54E-06,5.73E-06,4.82E-06,5.73E-06,3.62E-06,3.32E-06,3.92E-05,1.90E-05,1.36E-05,1.06E-05,4.52E-06,7.84E-06,6.63E-06,1.15E-05,3.62E-06,0,0,0,0,0,0,0,0,0,0,0,0,0,0,0,0
368258054,0.389155768,0.001745658,0.001652943,0.001512421,0.00053746,0.000531665,0.036121365,0.008361776,0.000987999,0.000225994,0.000730134,0.012991754,0.000373759,0.000475167,0.166062085,0.214565309,0.087045332,0.010305903,0.000892386,0.000111548,0.019228318,0.003410191,0.00145882,0.004377908,0.002891563,0.00017529,0.001043049,0.003818718,0.00057078,0.000336094,0.000708404,0.000711301,0.000451988,0.000441847,8.40E-05,0.003266771,0.000509935,0.000107202,0.003178402,0.003175505,0.000205712,0.001709441,0.001274838,5.36E-05,0.003223311,0.000628727,0.000485307,0.000804017,0.000231789,0.000282492,0.000128932,0.002033945,0.000443296,0.000453437,8.26E-05,2.03E-05,0.000827196,5.50E-05,7.97E-05,0.000215853,0.000201366,9.71E-05,0.000169495,0.000101408,5.50E-05,3.04E-05,5.79E-05,7.10E-05,2.17E-05,3.04E-05,8.84E-05,3.91E-05,0.000194123,0,2.90E-05,4.78E-05,3.33E-05,4.78E-05,0.000260762,5.94E-05,2.17E-05,2.32E-05,1.88E-05,1.59E-05,0,2.61E-05,1.88E-05,0,0.000105754,0.000101408,1.45E-05,0.000334645,0,3.62E-05,0,4.49E-05,0,1.59E-05,1.45E-05,0,0,0,0,0,0,0,0,0,0,0,0,0,0
368259600,0.402574934,0.000864622,0.000441185,0.000305956,0.000178334,0.000169037,0.047170497,0.001680223,0.000522323,0.000303421,8.37E-05,0.00233524,0.00015974,5.66E-05,0.332831295,0.112028134,0.031860856,0.00312295,0.000221438,9.04E-05,0.008010643,0.001091976,0.000752213,0.001020136,0.000447947,8.03E-05,0.000210451,0.000938153,0.000182559,0.000130158,0.000210451,0.000121706,0.000151288,0.000122552,3.72E-05,0.017402314,0.001057324,0.000190166,0.011192756,0.003912351,0.000250174,0.001181566,0.002590485,9.21E-05,0.004367905,0.000798698,0.000550214,0.000276375,0.000103112,0.000178334,4.48E-05,0.003562445,0.000109029,7.78E-05,2.45E-05,0,0.000930546,1.52E-05,1.86E-05,5.66E-05,3.89E-05,2.11E-05,2.87E-05,1.61E-05,1.18E-05,1.01E-05,1.52E-05,5.24E-05,1.44E-05,9.30E-06,1.69E-05,0,4.99E-05,0,1.18E-05,1.52E-05,9.30E-06,0,4.48E-05,2.45E-05,1.10E-05,8.45E-06,0,0,0,0,0,0,4.48E-05,1.94E-05,0,0,9.30E-06,1.01E-05,0,1.44E-05,0,0,0,0,0,0,0,0,0,0,0,0,0,0,0,0,0
368259989,0.498227913,0.001315566,0.001140303,0.000449794,0.000254895,0.000242896,0.051129631,0.003635442,0.001946805,0.000509427,0.000192353,0.005840415,0.000128357,9.74E-05,0.18392035,0.137151214,0.034522518,0.00485574,0.000553061,0.000647602,0.027708701,0.003344185,0.001398834,0.001838084,0.000762505,6.51E-05,0.00035889,0.001206845,0.000207989,0.000137811,0.00089268,0.000181808,0.000184354,0.000168355,3.49E-05,0.013540731,0.000630148,0.000173445,0.004702294,0.003325277,0.000170536,0.000982129,0.003079835,7.82E-05,0.001608641,0.000298529,0.000375616,0.000304711,6.11E-05,0.00019599,2.73E-05,0.002540228,0.000151628,0.000170536,3.27E-05,1.20E-05,0.001374108,2.73E-05,3.13E-05,7.42E-05,6.33E-05,3.45E-05,4.98E-05,3.42E-05,1.67E-05,6.55E-06,1.78E-05,5.85E-05,8.00E-06,8.36E-06,2.69E-05,8.00E-06,8.15E-05,3.64E-06,1.45E-05,2.15E-05,2.04E-05,9.45E-06,6.65E-05,2.07E-05,1.27E-05,9.09E-06,9.09E-06,5.82E-06,5.09E-06,8.00E-06,3.64E-06,0,3.56E-05,3.60E-05,1.27E-05,4.36E-06,1.49E-05,8.73E-06,8.00E-06,1.82E-05,0,4.36E-06,3.64E-06,8.00E-06,0,0,0,0,0,0,0,0,0,0,0,0,0
368273379,0.345524891,0.00069157,0.000512083,0.000271238,0.00014336,0.000132465,0.030083315,0.002071271,0.000345785,0.000590645,0.000134759,0.002607439,0.000170312,3.90E-05,0.347072036,0.135493908,0.039273862,0.002646433,0.000245433,7.00E-05,0.005296306,0.001182436,0.000559105,0.000742607,0.000348079,4.24E-05,0.000195544,0.001088965,0.000164578,0.000111821,0.000215041,0.000107807,0.000119276,9.81E-05,4.53E-05,0.035271241,0.001525354,0.000299336,0.021250022,0.0062918,0.000433522,0.001532809,0.003000819,0.000114115,0.004190711,0.000781027,0.000699025,0.000282707,0.000128451,0.00019669,3.27E-05,0.001751864,0.000100926,9.75E-05,2.58E-05,6.88E-06,0.002944049,2.06E-05,1.66E-05,4.93E-05,3.33E-05,2.87E-05,2.41E-05,1.72E-05,5.73E-06,0,9.18E-06,3.90E-05,5.73E-06,1.20E-05,1.89E-05,0,5.39E-05,0,9.18E-06,1.43E-05,2.29E-05,0,5.68E-05,2.29E-05,1.09E-05,8.60E-06,5.73E-06,6.31E-06,6.88E-06,8.03E-06,0,0,3.04E-05,1.20E-05,9.18E-06,0,5.73E-06,1.89E-05,0,2.24E-05,0,0,0,0,0,0,0,0,0,0,0,0,0,0,0,0,0
368281318,0.44465281,0.000936019,0.000628353,0.000379291,0.00023197,0.000228714,0.071677866,0.002131681,0.00053231,0.000511148,0.000118834,0.005734946,0.000117206,6.67E-05,0.219666484,0.140350706,0.030226891,0.004468472,0.000367896,7.00E-05,0.008669974,0.001399144,0.00137554,0.001267288,0.000717072,6.10E-05,0.000375221,0.001438213,0.000232784,0.000173367,0.000244993,0.00027348,0.000178251,0.00013674,3.58E-05,0.010579453,0.000621028,0.000196157,0.019789876,0.009577506,0.000447661,0.002507716,0.002541901,8.79E-05,0.002467834,0.000440336,0.000468823,0.000405337,8.30E-05,0.000166855,3.34E-05,0.007361176,0.000167669,0.000113136,3.66E-05,1.63E-05,0.001465073,1.55E-05,2.85E-05,8.14E-05,5.05E-05,3.09E-05,2.77E-05,1.63E-05,1.30E-05,9.77E-06,8.95E-06,4.64E-05,1.06E-05,1.14E-05,2.12E-05,0,6.92E-05,0,1.14E-05,1.87E-05,2.03E-05,8.95E-06,6.51E-05,2.52E-05,1.63E-05,8.14E-06,0,0,0,1.14E-05,0,0,3.83E-05,1.87E-05,1.22E-05,0,8.95E-06,1.38E-05,0,2.93E-05,0,0,0,0,0,0,0,0,0,0,0,0,0,0,0,0,0
368281322,0.465137374,0.002226482,0.001063899,0.001212601,0.000525866,0.00055831,0.014548512,0.002909162,0.000436645,9.60E-05,0.000254146,0.011935404,0.000105444,0.000269016,0.124366663,0.246199975,0.078948863,0.010025252,0.000237924,0.000108147,0.006672687,0.001453229,0.000563718,0.002544165,0.001147713,0.000104092,0.000965214,0.003518842,0.000654291,0.000298757,0.00010274,0.000647532,0.000373108,0.000152758,0.000116258,0.001683042,0.00019061,6.49E-05,0.003468824,0.001493784,6.76E-05,0.000721883,0.000606977,4.06E-05,0.003562101,0.000604273,0.000393386,0.000131129,8.52E-05,0.000147351,1.76E-05,0.002891588,0.000200072,0.000127073,3.51E-05,2.03E-05,0.001218009,5.41E-05,6.49E-05,0.000178443,0.000194665,8.38E-05,9.06E-05,8.52E-05,2.84E-05,1.89E-05,5.00E-05,6.89E-05,0,1.49E-05,2.70E-05,0,0.000185202,0,3.92E-05,3.24E-05,0,3.65E-05,0.000156814,2.03E-05,0,0,1.89E-05,0,0,0,0,0,4.87E-05,2.43E-05,2.70E-05,0.000164925,0,2.03E-05,0,0,0,0,1.35E-05,0,0,0,0,0,0,0,0,0,0,0,0,0,0
368281337,0.504703261,0.001153321,0.000824502,0.000495683,0.000281378,0.000271562,0.054477668,0.002295191,0.000765609,0.000309188,0.000137417,0.003939288,0.000104699,8.67E-05,0.202462709,0.118790468,0.038164305,0.004344995,0.000297737,4.58E-05,0.008853582,0.001447786,0.000853949,0.001280923,0.000734527,5.56E-05,0.000341907,0.001437971,0.000263383,0.000142325,0.000283014,0.000197946,0.000168499,9.82E-05,2.13E-05,0.021868937,0.000939016,0.000139053,0.007004996,0.003173679,0.000220849,0.000948832,0.003160591,6.71E-05,0.001969644,0.000343543,0.00035663,0.000199582,5.56E-05,0.000143961,3.60E-05,0.002581477,0.000135781,0.000111242,1.80E-05,0,0.005738796,1.96E-05,2.78E-05,4.25E-05,5.73E-05,4.09E-05,5.56E-05,2.78E-05,0,0,0,5.73E-05,0,0,2.45E-05,0,9.00E-05,0,0,0,0,1.64E-05,7.36E-05,2.62E-05,0,0,0,0,0,1.64E-05,0,0,3.60E-05,2.62E-05,1.64E-05,0,0,0,0,0,0,0,0,0,0,0,0,0,0,0,0,0,0,0,0,0,0
368281369,0.384692509,0.000865077,0.000453447,0.000487749,0.000242731,0.000215616,0.075077801,0.001395623,0.000711533,0.000363934,6.99E-05,0.003895462,0.000101274,5.85E-05,0.283170064,0.156937705,0.039035961,0.003391051,0.000417184,6.83E-05,0.016651432,0.001153545,0.001052925,0.001150278,0.000518458,6.27E-05,0.000239464,0.001119569,0.000223783,0.000128716,0.000239138,0.00014015,0.00012937,0.000109768,3.14E-05,0.009018954,0.000512905,9.21E-05,0.003855932,0.001672004,9.70E-05,0.000505717,0.002428293,5.00E-05,0.00148677,0.000285528,0.000283241,0.000201242,4.77E-05,0.000115322,3.17E-05,0.002637375,0.000122509,5.36E-05,1.80E-05,6.86E-06,0.001119243,2.35E-05,2.74E-05,5.33E-05,5.13E-05,3.01E-05,2.97E-05,2.09E-05,1.86E-05,9.15E-06,1.44E-05,4.61E-05,7.51E-06,9.47E-06,1.47E-05,3.27E-06,7.91E-05,0,1.31E-05,1.37E-05,1.37E-05,9.15E-06,7.48E-05,2.91E-05,9.47E-06,9.80E-06,7.19E-06,3.92E-06,4.25E-06,7.19E-06,0,0,2.84E-05,1.86E-05,1.54E-05,0,7.51E-06,9.47E-06,1.27E-05,1.76E-05,0,4.25E-06,4.25E-06,3.92E-06,0,0,0,0,0,0,0,0,0,0,0,0,0
368281482,0.320477839,0.000619648,0.000430046,0.000191367,9.25E-05,9.82E-05,0.101993396,0.001597669,0.015255705,0.000485126,8.37E-05,0.001674639,0.000147233,3.04E-05,0.39592734,0.062116648,0.034478217,0.00174596,0.000367552,5.93E-05,0.012460756,0.004206194,0.000647188,0.000612234,0.000278577,3.78E-05,0.00014229,0.000546915,0.000105217,6.57E-05,0.002024184,7.38E-05,8.37E-05,0.000111219,1.98E-05,0.016463577,0.001114661,0.000162415,0.007103888,0.002531201,0.00014582,0.000844205,0.00291676,8.62E-05,0.002891339,0.000556448,0.000615411,0.00017795,8.76E-05,0.000129226,4.17E-05,0.001873774,6.88E-05,5.93E-05,7.41E-06,6.71E-06,0.002313353,1.55E-05,1.34E-05,3.00E-05,2.90E-05,1.84E-05,1.66E-05,1.31E-05,4.59E-06,3.88E-06,1.20E-05,2.54E-05,4.94E-06,7.77E-06,1.34E-05,3.88E-06,3.50E-05,0,8.83E-06,8.47E-06,1.38E-05,7.41E-06,6.14E-05,1.84E-05,7.41E-06,1.09E-05,7.41E-06,0,0,5.30E-06,0,0,3.18E-05,1.41E-05,1.09E-05,8.83E-06,7.41E-06,9.89E-06,0,3.53E-05,0,0,0,0,0,0,0,0,0,0,0,0,0,0,0,0,0
368281490,0.397588168,0.002602511,0.001448842,0.001265119,0.000515707,0.000679503,0.028422627,0.007347552,0.000752114,0.000170889,0.000972987,0.013370546,0.000181359,0.000188113,0.147054393,0.258189671,0.075134769,0.012405327,0.000405946,0.000111112,0.013009856,0.002777115,0.001990215,0.005106069,0.00261906,0.000124958,0.001543743,0.003644732,0.000655863,0.000338739,0.000230666,0.000777106,0.000544076,0.0002435,8.41E-05,0.000725772,0.000252619,9.39E-05,0.003392113,0.002973334,0.000113138,0.000636275,0.001108752,2.97E-05,0.000651472,0.000132388,0.000327931,0.000352585,5.71E-05,0.00021682,2.70E-05,0.003064857,0.000270518,0.000401893,5.10E-05,2.70E-05,0.000560286,6.42E-05,7.77E-05,0.000220872,0.000215469,8.54E-05,0.000110098,6.05E-05,3.48E-05,1.59E-05,5.40E-05,8.27E-05,1.93E-05,1.86E-05,5.71E-05,1.15E-05,0.00019892,6.08E-06,2.77E-05,4.90E-05,2.63E-05,2.94E-05,0.000162108,5.57E-05,2.13E-05,1.76E-05,1.99E-05,1.05E-05,1.25E-05,1.25E-05,4.73E-06,5.40E-06,6.75E-05,6.45E-05,2.47E-05,0,0,3.82E-05,1.05E-05,0,0,1.28E-05,1.52E-05,5.40E-06,3.71E-06,6.42E-06,0,0,0,0,0,0,0,0,0,0,0
368281495,0.41907541,0.001710177,0.001078048,0.001056955,0.000447896,0.000495355,0.025149719,0.003463199,0.000441634,0.000150617,0.000390879,0.013643514,9.79E-05,0.000189837,0.131256491,0.280278849,0.069598169,0.012934263,0.000185222,8.27E-05,0.007623124,0.001112653,0.00097456,0.003409148,0.001565822,0.000107113,0.000846025,0.002905224,0.000628834,0.000285414,8.27E-05,0.00060049,0.000348693,0.000117989,5.77E-05,0.001561208,0.000271901,8.47E-05,0.003765092,0.002309678,8.57E-05,0.000482501,0.000604445,3.56E-05,0.000961707,0.000181268,0.000199394,0.00020302,3.53E-05,0.000187859,1.32E-05,0.004284835,0.000189507,0.00012458,4.22E-05,1.38E-05,0.000449873,7.18E-05,7.71E-05,0.00016413,0.000144355,6.95E-05,8.77E-05,5.67E-05,2.47E-05,1.09E-05,3.82E-05,6.46E-05,1.12E-05,2.04E-05,4.25E-05,1.05E-05,0.000153253,3.63E-06,2.77E-05,2.47E-05,2.01E-05,2.64E-05,0.000136445,2.77E-05,1.29E-05,1.02E-05,9.89E-06,3.95E-06,7.91E-06,8.24E-06,3.95E-06,4.94E-06,4.94E-05,3.72E-05,1.55E-05,6.59E-06,0,6.59E-06,3.95E-06,0,0,5.93E-06,9.23E-06,0,3.30E-06,0,6.26E-06,0,0,0,0,0,0,0,0,0,0
368281511,0.430647671,0.001547105,0.00084463,0.00086539,0.00046166,0.000437737,0.025082481,0.003217386,0.000316143,0.000136027,0.00036221,0.015593239,8.21E-05,0.000157577,0.167185433,0.240046676,0.055451416,0.009546974,0.00025248,8.60E-05,0.014429104,0.001181534,0.001508749,0.002854582,0.001884404,0.000100043,0.000811217,0.002449073,0.000447425,0.000251096,9.19E-05,0.00051959,0.000304281,0.000122187,5.20E-05,0.000582067,0.000140969,6.09E-05,0.005225163,0.001529706,6.19E-05,0.000300722,0.000636241,2.33E-05,0.000576927,0.000108742,0.000183675,0.000150064,3.44E-05,0.000153821,1.42E-05,0.008736943,0.000211948,9.89E-05,3.97E-05,1.44E-05,0.000400567,4.82E-05,6.27E-05,0.000160543,0.000140772,6.76E-05,6.03E-05,4.27E-05,2.51E-05,1.01E-05,2.87E-05,6.52E-05,1.38E-05,1.76E-05,4.55E-05,8.70E-06,0.000139981,4.15E-06,2.45E-05,2.89E-05,1.82E-05,1.82E-05,0.000129304,3.06E-05,1.09E-05,7.32E-06,1.42E-05,4.75E-06,6.72E-06,4.75E-06,3.56E-06,3.95E-06,4.07E-05,2.89E-05,1.40E-05,2.37E-06,2.37E-06,6.13E-06,6.52E-06,0,0,6.13E-06,2.51E-05,2.77E-06,2.57E-06,0,0,1.98E-06,0,0,0,0,0,0,0,0,0
368281532,0.472600782,0.000909512,0.001122746,0.000376425,0.000204531,0.000219762,0.051195203,0.00192419,0.000990019,0.000303896,0.000108793,0.004501865,8.70E-05,5.66E-05,0.254261432,0.115814042,0.031808971,0.003822995,0.000292291,6.02E-05,0.010743696,0.001875596,0.000964633,0.001217759,0.000701354,4.35E-05,0.00035104,0.001140153,0.000192927,0.000125475,0.000332907,0.000186399,0.000133453,0.000139255,4.13E-05,0.019168645,0.000567175,0.000106617,0.005974925,0.002299889,0.000137079,0.000728915,0.001904607,3.99E-05,0.001452027,0.000279236,0.000298094,0.000228466,4.64E-05,0.000135629,3.12E-05,0.005014644,0.000179872,0.000105167,3.05E-05,1.23E-05,0.001681944,2.32E-05,2.32E-05,7.33E-05,5.15E-05,3.92E-05,4.28E-05,2.68E-05,1.23E-05,0,2.32E-05,4.06E-05,0,1.09E-05,1.96E-05,0,6.96E-05,0,1.38E-05,1.38E-05,1.45E-05,1.02E-05,7.62E-05,1.96E-05,0,7.25E-06,7.25E-06,0,0,7.25E-06,0,0,2.68E-05,1.74E-05,7.98E-06,0,7.25E-06,2.39E-05,0,9.43E-06,0,0,7.25E-06,0,0,0,0,0,0,0,0,0,0,0,0,0,0
368246110,0.423538586,0.0032336,0.00144007,0.001285891,0.000557539,0.000793286,0.023792182,0.008612911,0.000917397,0.00017721,0.001577616,0.016037172,0.00017721,0.000193523,0.110005735,0.264634447,0.07722799,0.013093697,0.000438866,0.00010076,0.010313038,0.0030823,0.003457831,0.00646656,0.003043275,0.000142664,0.002214803,0.003704454,0.00063207,0.000376491,0.000212076,0.000893726,0.000585368,0.000249181,8.38E-05,0.000408158,0.000190964,6.53E-05,0.00310821,0.002317163,0.000123151,0.000532269,0.000989368,4.13E-05,0.001007921,0.000230949,0.000347063,0.000691886,0.000149061,0.000314436,9.92E-05,0.002637356,0.000236386,0.000265175,6.05E-05,3.42E-05,0.000519794,8.76E-05,0.000106838,0.000282768,0.000264215,0.000113235,9.02E-05,8.86E-05,3.93E-05,2.62E-05,6.11E-05,8.35E-05,1.54E-05,1.98E-05,4.73E-05,9.92E-06,0.00020312,8.96E-06,2.85E-05,5.05E-05,3.20E-05,3.17E-05,0.000197682,3.90E-05,2.05E-05,1.89E-05,2.40E-05,1.06E-05,9.28E-06,1.82E-05,7.68E-06,3.84E-06,6.94E-05,0.0001014,2.34E-05,1.44E-05,0,1.12E-05,1.54E-05,0,0,1.50E-05,2.02E-05,9.60E-06,3.20E-06,0,0,0,3.20E-06,3.20E-06,3.52E-06,3.52E-06,0,0,0,0,0
368253732,0.046264763,0.000153121,8.74E-05,6.45E-05,4.42E-05,3.19E-05,0.0059912,0.000459236,0.000107944,5.20E-05,2.20E-05,0.000608813,3.15E-05,1.48E-05,0.720008185,0.060679381,0.146226217,0.001217627,0.000136796,2.91E-05,0.011980123,0.000262077,0.000517447,0.000442405,0.000222342,2.19E-05,4.59E-05,0.000235755,5.29E-05,2.68E-05,3.23E-05,3.33E-05,4.24E-05,4.19E-05,7.47E-06,0.001232813,3.64E-05,8.35E-06,0.000167421,0.000180455,7.34E-06,3.08E-05,0.000221076,2.28E-06,0.000108323,2.11E-05,2.89E-05,9.40E-05,7.09E-06,2.52E-05,1.77E-06,0.000755354,2.70E-05,1.40E-05,7.59E-06,4.43E-06,0.00052504,4.05E-06,9.24E-06,1.11E-05,1.25E-05,5.69E-06,7.09E-06,3.29E-06,3.04E-06,1.77E-06,1.77E-06,6.77E-05,6.96E-06,3.42E-06,1.20E-05,2.40E-06,1.86E-05,4.68E-06,2.53E-06,3.42E-06,7.85E-06,5.69E-06,3.23E-05,1.35E-05,4.68E-06,1.05E-05,6.20E-06,3.04E-06,5.44E-06,1.39E-06,0,0,1.09E-05,3.04E-06,2.28E-06,1.90E-06,0,2.02E-06,1.39E-06,1.27E-06,0,0,0,0,2.78E-06,0,0,0,0,0,0,0,0,0,0,0,0
368258345,0.33544615,0.000905241,0.00065269,0.000258188,0.000147586,0.000130327,0.043461798,0.003711842,0.001713971,0.0013244,0.000163084,0.001861909,0.000209579,3.98E-05,0.469800516,0.066055846,0.032599959,0.002580114,0.000615001,4.61E-05,0.011441264,0.003011953,0.000817183,0.001028875,0.000369141,4.79E-05,0.000194081,0.00069214,0.000132792,8.49E-05,0.000398729,8.31E-05,0.000101796,0.000190206,3.10E-05,0.00800029,0.000202535,5.07E-05,0.002485363,0.001227888,8.63E-05,0.000345894,0.000998936,2.64E-05,0.000818944,0.000155687,0.00025537,0.000481504,9.86E-05,0.000528351,1.30E-05,0.00133708,0.000100034,0.000148643,2.89E-05,1.23E-05,0.001509323,2.08E-05,2.68E-05,4.19E-05,2.68E-05,1.73E-05,2.47E-05,1.55E-05,1.06E-05,7.40E-06,1.13E-05,4.02E-05,8.10E-06,1.09E-05,1.44E-05,7.04E-06,5.04E-05,7.75E-06,7.75E-06,1.55E-05,2.32E-05,7.04E-06,3.87E-05,3.80E-05,1.51E-05,2.15E-05,1.37E-05,3.52E-06,3.52E-06,2.57E-05,9.16E-06,3.87E-06,4.33E-05,1.69E-05,2.18E-05,1.30E-05,2.78E-05,2.11E-05,1.41E-05,0,0,0,0,0,0,0,0,0,0,0,5.28E-06,0,7.04E-06,0,0,0,0
368258351,0.378164636,0.001270693,0.001319078,0.000608318,0.000241258,0.00029565,0.035125251,0.024136826,0.001316742,0.000449481,0.000711428,0.004433077,0.000169848,9.28E-05,0.256633598,0.160407636,0.033318317,0.005170532,0.000438803,6.21E-05,0.054050834,0.010784539,0.001952422,0.001726848,0.001079822,7.77E-05,0.000416779,0.001443211,0.000240924,0.000163175,0.000372398,0.000257275,0.000209891,0.000198546,4.30E-05,0.007159327,0.000302323,8.91E-05,0.003171393,0.001431865,9.08E-05,0.000412108,0.001823284,4.97E-05,0.002288782,0.000419115,0.000387415,0.000332689,7.61E-05,0.000168514,2.87E-05,0.002183336,0.000126135,0.000252604,3.10E-05,1.80E-05,0.000692741,3.50E-05,3.70E-05,0.000101442,7.44E-05,4.04E-05,4.47E-05,2.80E-05,1.97E-05,1.10E-05,1.87E-05,4.37E-05,1.40E-05,2.34E-05,2.54E-05,5.34E-06,8.74E-05,6.01E-06,1.13E-05,1.94E-05,1.94E-05,1.97E-05,7.71E-05,3.80E-05,1.33E-05,7.01E-06,1.30E-05,5.34E-06,3.67E-06,1.03E-05,3.34E-06,0,3.74E-05,3.10E-05,1.33E-05,8.71E-05,5.34E-06,7.67E-06,6.67E-06,0,0,5.34E-06,1.20E-05,5.67E-06,5.01E-06,0,0,0,0,0,5.01E-06,3.34E-06,0,0,0,0,0
368258353,0.412307851,0.001771373,0.001076757,0.000905653,0.000425573,0.000427322,0.024612088,0.007189554,0.002033421,0.000251263,0.000377186,0.009536324,0.000188593,0.000245433,0.199098311,0.221500336,0.053398285,0.006453546,0.000341624,0.000101146,0.02115329,0.001729399,0.001789154,0.003447138,0.002406526,9.53E-05,0.000604838,0.002208314,0.000383015,0.000249222,0.001841913,0.000440147,0.000314807,0.00014895,5.13E-05,0.002182371,0.000147784,6.47E-05,0.003071118,0.001388358,7.58E-05,0.000481247,0.001073551,5.57E-05,0.004267677,0.000833656,0.000503108,0.000221531,0.000101729,0.000123299,4.72E-05,0.003596088,0.000171686,0.000164399,3.50E-05,1.95E-05,0.000687912,4.52E-05,5.42E-05,0.000139623,0.000116887,5.28E-05,6.03E-05,3.70E-05,2.83E-05,1.43E-05,2.36E-05,5.83E-05,1.28E-05,1.46E-05,2.48E-05,4.66E-06,0.000143412,3.79E-06,1.87E-05,3.64E-05,1.52E-05,2.13E-05,0.000127089,2.16E-05,1.40E-05,1.40E-05,1.20E-05,3.21E-06,7.00E-06,4.96E-06,5.54E-06,3.50E-06,4.23E-05,4.90E-05,1.52E-05,0.000210163,3.85E-05,5.63E-05,5.25E-06,0,0,3.79E-06,6.41E-06,6.12E-06,5.83E-06,0,0,0,4.08E-06,0,0,0,0,0,0,0,0
368258369,0.472720424,0.001879175,0.001033191,0.001057054,0.000414186,0.00043606,0.028047581,0.003826245,0.000824962,0.000134085,0.000324701,0.008483419,0.000147436,0.000131528,0.196489024,0.196915993,0.047922808,0.007373242,0.000274419,9.29E-05,0.008177183,0.001597938,0.000745989,0.002016101,0.001170117,8.49E-05,0.000646277,0.002129164,0.000395152,0.000190616,0.000236637,0.000379528,0.00026192,0.000149993,5.08E-05,0.001745091,9.66E-05,4.29E-05,0.001725205,0.000853938,4.43E-05,0.000190616,0.000591734,1.79E-05,0.00141556,0.000268738,0.000261352,0.000167038,4.60E-05,0.000128403,1.53E-05,0.003636481,0.00015255,0.000178685,3.66E-05,1.62E-05,0.000405095,4.37E-05,4.37E-05,0.000145448,9.32E-05,4.94E-05,6.39E-05,4.37E-05,2.87E-05,9.94E-06,2.98E-05,5.71E-05,1.19E-05,1.34E-05,1.87E-05,6.25E-06,0.000120449,0,1.70E-05,1.96E-05,1.42E-05,1.73E-05,0.000135505,2.27E-05,1.28E-05,8.52E-06,8.52E-06,4.55E-06,6.82E-06,5.97E-06,0,3.41E-06,3.84E-05,2.10E-05,1.31E-05,3.58E-05,4.55E-06,1.08E-05,4.55E-06,0,0,5.11E-06,1.02E-05,2.84E-06,0,0,0,0,0,0,0,0,0,0,0,0,0
368258383,0.505139647,0.001001326,0.000581227,0.000416692,0.000216621,0.000189118,0.029104908,0.001754633,0.000992321,0.000390649,8.66E-05,0.003921821,5.01E-05,5.57E-05,0.231021837,0.151382811,0.032853675,0.003872411,0.000366309,8.79E-05,0.008884154,0.003263194,0.001097711,0.000968468,0.000432269,5.11E-05,0.000276983,0.000975526,0.000224897,0.000125835,0.000668606,0.000113909,0.000142143,0.000289883,4.28E-05,0.008443123,0.000266031,5.74E-05,0.002463156,0.001277823,7.64E-05,0.000447116,0.00096141,1.95E-05,0.000481678,0.000100522,0.000379453,0.000244368,3.04E-05,0.000119994,1.53E-05,0.001907729,8.54E-05,5.89E-05,2.48E-05,9.98E-06,0.000804663,3.02E-05,2.80E-05,5.89E-05,3.12E-05,3.63E-05,2.43E-05,1.41E-05,1.10E-05,7.30E-06,9.25E-06,3.85E-05,9.74E-06,6.82E-06,1.58E-05,2.43E-06,7.98E-05,3.41E-06,8.28E-06,1.68E-05,1.29E-05,6.08E-06,7.59E-05,2.07E-05,6.08E-06,9.74E-06,8.03E-06,2.68E-06,3.16E-06,6.57E-06,2.92E-06,0,2.46E-05,1.70E-05,8.28E-06,1.07E-05,3.16E-06,3.65E-06,3.89E-06,9.74E-06,0,0,2.92E-06,0,5.11E-06,0,0,0,0,0,2.43E-06,0,0,2.43E-06,0,0,0
368258393,0.478499784,0.00094444,0.000628443,0.000421329,0.00021599,0.000189361,0.048622691,0.003379214,0.00116191,0.000677559,0.000169242,0.003966826,0.000201197,6.69E-05,0.243833326,0.122459154,0.03388978,0.003489576,0.000416003,5.89E-05,0.008581328,0.00261881,0.001125221,0.00103705,0.000641462,5.18E-05,0.000239956,0.000941777,0.000161253,0.000116576,0.000590867,0.000129002,0.000125156,0.000213919,3.58E-05,0.021744611,0.000440265,7.96E-05,0.002842789,0.001567262,7.19E-05,0.00036245,0.00270994,3.88E-05,0.002008711,0.000395588,0.000410678,0.000613354,8.73E-05,0.000117167,6.89E-05,0.003695211,0.000123973,0.000121606,3.23E-05,1.21E-05,0.00155809,2.43E-05,2.72E-05,5.80E-05,4.02E-05,2.66E-05,2.43E-05,1.66E-05,1.30E-05,5.33E-06,1.48E-05,4.02E-05,7.10E-06,2.31E-05,1.69E-05,5.03E-06,5.92E-05,4.14E-06,9.17E-06,1.27E-05,2.49E-05,8.88E-06,7.16E-05,2.90E-05,8.58E-06,1.21E-05,1.33E-05,3.85E-06,3.85E-06,1.92E-05,6.21E-06,0,5.00E-05,2.34E-05,1.07E-05,0.000189361,3.17E-05,1.18E-05,1.83E-05,1.75E-05,5.33E-06,0,0,5.33E-06,0,0,0,0,0,0,0,3.25E-06,0,0,0,0,0
368258417,0.451941783,0.002434833,0.001342074,0.00121535,0.00044996,0.000548216,0.022530123,0.010040529,0.001217187,0.00019835,0.000488068,0.013446907,0.000148762,0.000316808,0.159617222,0.219608783,0.062860283,0.00844409,0.000437104,8.72E-05,0.010572675,0.003798486,0.001061537,0.003893069,0.002223168,0.000101011,0.000853546,0.002735571,0.000495874,0.000320022,0.000187789,0.00056199,0.000326909,0.000313594,5.88E-05,0.001064751,0.000116163,4.27E-05,0.001933449,0.001101942,4.73E-05,0.000279618,0.000757585,3.63E-05,0.001922889,0.000360886,0.000302575,0.000141875,5.60E-05,0.000123509,2.20E-05,0.00369977,0.000185034,0.000174474,4.18E-05,1.97E-05,0.000645095,5.97E-05,6.43E-05,0.000178606,0.000149221,6.57E-05,7.07E-05,5.74E-05,2.98E-05,1.33E-05,3.08E-05,7.53E-05,6.43E-06,1.65E-05,3.95E-05,6.89E-06,0.000145548,0,2.43E-05,2.85E-05,1.19E-05,2.25E-05,0.000139579,3.31E-05,2.07E-05,1.19E-05,1.29E-05,5.51E-06,0,6.89E-06,0,4.59E-06,3.63E-05,4.18E-05,1.29E-05,0.000572092,1.06E-05,1.84E-05,8.26E-06,0,0,5.51E-06,9.18E-06,0,0,0,0,0,0,0,0,0,0,0,0,0,0
368258423,0.517405544,0.002424829,0.001246428,0.001369472,0.000557491,0.000529305,0.016511986,0.004408436,0.000956435,0.000147165,0.000312217,0.013380603,0.000132801,0.000220612,0.116140578,0.221825146,0.059136352,0.00967059,0.000236873,8.24E-05,0.005381674,0.00161041,0.000594079,0.002997498,0.00187059,8.65E-05,0.000972154,0.002856296,0.000493259,0.000255031,0.000102446,0.000515483,0.000353954,0.00012738,6.83E-05,0.002061119,0.000115455,3.41E-05,0.0017882,0.000929333,2.74E-05,0.00023877,0.000556407,3.52E-05,0.003101028,0.000575108,0.000369402,0.000145539,6.34E-05,0.000142286,2.52E-05,0.002565219,0.000154482,0.000166407,3.90E-05,1.27E-05,0.000374281,6.10E-05,6.21E-05,0.000195135,0.000140118,7.45E-05,5.53E-05,6.18E-05,2.41E-05,1.60E-05,3.41E-05,6.15E-05,7.59E-06,1.79E-05,2.76E-05,3.79E-06,0.000136053,0,1.92E-05,2.74E-05,1.49E-05,1.90E-05,0.000164239,2.17E-05,9.21E-06,7.86E-06,1.17E-05,5.96E-06,6.50E-06,7.05E-06,2.98E-06,0,4.91E-05,3.01E-05,2.11E-05,5.85E-05,5.42E-06,8.67E-06,7.86E-06,0,0,6.23E-06,6.50E-06,0,3.79E-06,0,0,0,0,0,0,5.96E-06,0,0,0,0,0
368258431,0.433503616,0.002387088,0.001205415,0.001136644,0.000460661,0.000502416,0.026941048,0.006980329,0.001040582,0.000382611,0.000781869,0.013673291,0.000122807,0.00017384,0.149674276,0.253986781,0.055636593,0.009286092,0.001809897,9.72E-05,0.009555175,0.002736951,0.001209509,0.004776632,0.002820459,0.000100701,0.000875475,0.002561201,0.000455203,0.000386704,0.000263898,0.000575281,0.000371695,0.00016538,6.14E-05,0.00115602,0.000130448,6.60E-05,0.001819721,0.001586662,6.66E-05,0.000378517,0.000730017,2.76E-05,0.000423819,8.35E-05,0.000206042,0.000243157,3.17E-05,0.000158557,1.88E-05,0.003612971,0.000199765,0.000284093,4.12E-05,2.27E-05,0.000474034,5.89E-05,7.31E-05,0.000161286,0.000135087,6.28E-05,7.64E-05,5.76E-05,3.06E-05,9.55E-06,3.88E-05,6.93E-05,1.20E-05,1.34E-05,3.58E-05,7.10E-06,0.00014,2.73E-06,2.07E-05,3.27E-05,1.58E-05,2.62E-05,0.000156374,3.71E-05,1.83E-05,9.01E-06,1.34E-05,8.46E-06,7.37E-06,8.46E-06,6.82E-06,5.19E-06,4.45E-05,5.29E-05,1.50E-05,2.89E-05,0,6.28E-06,7.37E-06,5.46E-06,0,7.64E-06,8.73E-06,4.09E-06,5.46E-06,0,0,0,0,0,0,0,0,0,2.73E-06,0,0
368259698,0.421569482,0.001050758,0.000709378,0.000397278,0.000232245,0.000160375,0.046947379,0.002852152,0.001076711,0.000431217,0.000215608,0.005630438,0.000133757,6.52E-05,0.309548986,0.11801627,0.04159244,0.002944651,0.000248881,8.05E-05,0.008440666,0.002858807,0.000759953,0.001151242,0.000664792,5.06E-05,0.000216274,0.00092299,0.000189655,0.000101815,0.00036334,0.000126437,0.000117786,0.000244888,2.60E-05,0.0116149,0.000366002,0.000119117,0.003033822,0.001547855,0.000105808,0.000568966,0.001817365,6.12E-05,0.003329951,0.000613552,0.000910346,0.000175681,7.99E-05,0.000121113,3.06E-05,0.003074415,8.32E-05,0.000112462,2.00E-05,1.60E-05,0.000913008,2.20E-05,2.60E-05,5.92E-05,4.59E-05,2.73E-05,2.79E-05,1.73E-05,9.98E-06,1.33E-05,1.20E-05,6.06E-05,0,0.000420569,2.20E-05,0,6.39E-05,0,1.80E-05,1.86E-05,1.53E-05,1.06E-05,5.39E-05,1.80E-05,1.20E-05,6.65E-06,0,0,0,0,0,0,2.79E-05,2.26E-05,1.13E-05,1.20E-05,2.79E-05,6.32E-05,0,0,0,0,0,0,0,0,0,0,0,0,0,0,0,0,0,0,0
368259701,0.449000282,0.001948595,0.00184124,0.001137356,0.000506392,0.000489174,0.030931416,0.010261521,0.001309529,0.000220787,0.001118113,0.019442402,0.000169135,0.000238004,0.137930965,0.220355325,0.062956639,0.010108591,0.000532724,0.000103304,0.012745878,0.005311036,0.001384475,0.004675008,0.003201408,0.000126598,0.001105959,0.002680838,0.000442586,0.000274464,0.00066945,0.0004912,0.000373717,0.00023294,7.90E-05,0.000628938,0.000100266,8.81E-05,0.002233187,0.0018777,7.60E-05,0.00058944,0.000590453,3.34E-05,0.001054307,0.00019648,0.000216736,0.000322065,4.25E-05,0.000163058,2.94E-05,0.002459038,0.00117888,0.000451701,4.15E-05,3.95E-05,0.001382449,7.90E-05,7.39E-05,0.000210659,0.000151918,6.89E-05,9.52E-05,5.47E-05,3.14E-05,2.13E-05,4.35E-05,9.93E-05,1.01E-05,1.52E-05,2.43E-05,1.22E-05,0.000165084,0,1.92E-05,3.65E-05,3.34E-05,2.33E-05,0.000180275,4.96E-05,1.32E-05,1.52E-05,1.92E-05,0,1.11E-05,1.11E-05,0,0,3.44E-05,6.18E-05,2.63E-05,8.00E-05,0,1.22E-05,1.22E-05,0,0,0,1.32E-05,0,0,0,0,0,0,0,0,0,0,0,0,0,0
368259706,0.329884208,0.001288776,0.000652608,0.000497974,0.000229926,0.000214677,0.032296356,0.002929708,0.001165355,0.000647366,0.00017989,0.003608286,0.000113891,7.39E-05,0.365504362,0.168292826,0.048993497,0.003675715,0.000339051,6.72E-05,0.01256205,0.002608288,0.0008954,0.001292588,0.000723373,5.00E-05,0.000297831,0.001203239,0.000541577,0.000143674,0.000532761,0.000173695,0.000162259,0.000171074,3.24E-05,0.0050567,0.000266142,5.53E-05,0.002986653,0.001381223,7.48E-05,0.000327614,0.001111983,2.12E-05,0.000867523,0.000157255,0.000214439,0.000175601,3.98E-05,0.000124374,6.91E-06,0.003311646,9.79E-05,0.000128901,2.55E-05,8.82E-06,0.000705026,2.45E-05,3.17E-05,6.98E-05,5.17E-05,3.07E-05,3.05E-05,1.91E-05,1.67E-05,8.58E-06,1.36E-05,5.17E-05,7.62E-06,1.43E-05,2.05E-05,6.43E-06,6.93E-05,3.34E-06,1.29E-05,1.76E-05,1.43E-05,1.05E-05,8.67E-05,2.12E-05,9.53E-06,7.15E-06,6.67E-06,2.86E-06,4.29E-06,7.62E-06,2.62E-06,0,2.14E-05,1.74E-05,1.24E-05,5.27E-05,5.24E-06,5.72E-06,2.86E-06,5.48E-06,0,3.34E-06,2.86E-06,0,2.62E-06,0,0,0,0,2.86E-06,0,0,0,0,0,0,0
368259707,0.503627543,0.001628828,0.000802644,0.000638441,0.000305441,0.000306876,0.087075967,0.003753997,0.000986655,0.000932973,0.000192336,0.007781284,0.000111383,8.50E-05,0.14962249,0.129128945,0.038551601,0.004752135,0.000617198,6.89E-05,0.008051128,0.002577877,0.001012491,0.001438501,0.000945317,6.11E-05,0.000390126,0.001366447,0.00024774,0.00016162,0.000459597,0.000223339,0.000191188,0.000139228,4.13E-05,0.018228861,0.000265826,5.17E-05,0.002283918,0.00111153,6.03E-05,0.000341038,0.00113995,1.72E-05,0.001084258,0.000205828,0.000273576,0.000227645,4.08E-05,9.90E-05,2.07E-05,0.024101425,0.000120569,0.000148127,2.81E-05,1.44E-05,0.000982923,3.19E-05,3.44E-05,9.33E-05,6.34E-05,3.82E-05,3.39E-05,2.87E-05,1.64E-05,8.61E-06,1.35E-05,4.65E-05,5.45E-06,1.21E-05,1.69E-05,5.45E-06,8.81E-05,0,1.29E-05,2.07E-05,1.38E-05,1.49E-05,8.50E-05,1.87E-05,9.19E-06,7.46E-06,8.32E-06,4.31E-06,3.73E-06,8.04E-06,0,0,2.76E-05,2.24E-05,1.09E-05,1.26E-05,4.31E-06,4.59E-06,9.76E-06,2.64E-05,0,5.45E-06,4.02E-06,2.87E-06,0,0,0,0,0,0,0,0,0,0,0,0,0
368259710,0.583463494,0.000827885,0.00047978,0.000481293,0.000251241,0.000174053,0.040056302,0.001826795,0.000440429,0.000724967,9.54E-05,0.00546071,0.000101405,6.96E-05,0.171944243,0.100961073,0.024875893,0.003179864,0.000161945,5.45E-05,0.006721455,0.000985289,0.000649292,0.000783993,0.000591779,3.63E-05,0.000171026,0.0009641,0.00017708,9.99E-05,0.000172539,0.000124107,0.00014681,9.84E-05,1.97E-05,0.035223695,0.000348105,7.11E-05,0.003001271,0.001278908,6.96E-05,0.00029816,0.001132098,1.82E-05,0.001764741,0.00036324,0.000317835,0.000134702,5.60E-05,6.21E-05,1.97E-05,0.003935101,8.17E-05,6.21E-05,2.42E-05,0,0.002951326,0,2.57E-05,6.51E-05,3.63E-05,1.97E-05,1.97E-05,1.82E-05,1.66E-05,0,0,3.78E-05,0,0,0,0,6.96E-05,0,1.51E-05,1.97E-05,0,0,8.17E-05,2.12E-05,0,1.66E-05,0,0,0,0,0,0,1.66E-05,2.72E-05,0,0.000906587,0,0,0,0,0,0,0,0,0,0,0,0,0,0,0,0,0,0,0,0,0
368259718,0.475331061,0.001264679,0.000684442,0.000500898,0.000291302,0.000329195,0.03310783,0.003854429,0.000579053,0.000310249,0.000191833,0.00352997,0.000110127,9.12E-05,0.190301048,0.203848982,0.034622367,0.005685135,0.000232095,8.64E-05,0.009275498,0.001942017,0.001237444,0.002735401,0.000645365,8.76E-05,0.000348142,0.002275949,0.000370641,0.00018236,0.000345774,0.00028775,0.000266435,0.000146835,4.03E-05,0.004909513,0.001420988,6.75E-05,0.005248181,0.002299632,9.71E-05,0.000544712,0.002209636,4.03E-05,0.001898203,0.000363536,0.00030196,0.000176439,4.97E-05,0.000123152,2.96E-05,0.002131482,0.000120784,0.00013973,2.49E-05,0,0.001236259,3.91E-05,6.87E-05,9.95E-05,0.000504451,4.86E-05,5.21E-05,5.45E-05,1.42E-05,0,3.67E-05,5.45E-05,2.49E-05,0,2.37E-05,0,0.000104206,0,1.54E-05,2.49E-05,1.89E-05,1.18E-05,8.53E-05,1.66E-05,1.42E-05,0,0,0,0,0,0,0,2.37E-05,3.32E-05,0,4.14E-05,0,0,0,0,0,1.66E-05,0,0,0,0,0,0,0,0,0,0,0,0,0,0,0
368259737,0.51734384,0.001303991,0.000685241,0.000519225,0.000312128,0.00022912,0.052543756,0.00428805,0.000609856,0.000589951,0.000216414,0.004282121,7.50E-05,7.75E-05,0.221559851,0.125823464,0.028731842,0.003991169,0.000268083,0.000113924,0.006838434,0.002201834,0.000879209,0.001175243,0.000609856,6.73E-05,0.000274435,0.001128234,0.000198203,0.00011096,0.000316786,0.000138065,0.000198203,0.0001279,3.35E-05,0.00636876,0.000370996,7.50E-05,0.003622291,0.002143813,0.000100796,0.000451039,0.002221739,2.54E-05,0.000688206,0.000128324,0.00019905,0.000185498,2.96E-05,0.000144841,1.40E-05,0.003430017,0.000107995,0.000141453,2.03E-05,1.74E-05,0.00085634,3.73E-05,3.52E-05,8.51E-05,5.80E-05,3.81E-05,2.84E-05,2.08E-05,1.36E-05,4.66E-06,1.23E-05,3.94E-05,5.08E-06,1.27E-05,2.88E-05,0,6.86E-05,0,1.10E-05,1.23E-05,1.36E-05,1.14E-05,6.40E-05,1.86E-05,7.20E-06,7.62E-06,5.51E-06,6.35E-06,4.24E-06,5.93E-06,0,5.08E-06,2.92E-05,2.03E-05,1.36E-05,4.66E-05,7.20E-06,5.93E-06,0,6.35E-06,0,0,0,0,4.66E-06,0,0,0,0,0,0,0,0,0,0,0,0
368259760,0.467651183,0.001249538,0.000921578,0.000367766,0.00020018,0.000214602,0.045441133,0.009877755,0.004375114,0.000556119,0.000317288,0.005416107,0.000174797,6.26E-05,0.223817893,0.146503731,0.040669409,0.00365487,0.000682169,7.24E-05,0.014705725,0.00415907,0.001421739,0.00128819,0.00076178,6.78E-05,0.000259599,0.001025417,0.000202199,0.000146818,0.000940615,0.000128646,0.000159221,0.000289309,4.30E-05,0.007834131,0.000285848,8.83E-05,0.003128749,0.002021702,0.000111916,0.000603424,0.001753738,3.55E-05,0.00053016,9.95E-05,0.000271137,0.000293636,5.34E-05,0.000147106,1.70E-05,0.002591378,0.000235947,0.000132396,2.74E-05,1.87E-05,0.000981862,2.77E-05,3.40E-05,6.72E-05,4.38E-05,3.03E-05,4.44E-05,2.22E-05,2.86E-05,4.04E-06,1.41E-05,4.73E-05,1.07E-05,7.21E-06,1.93E-05,8.65E-06,6.20E-05,2.88E-06,1.59E-05,2.28E-05,2.25E-05,1.07E-05,7.76E-05,3.89E-05,1.87E-05,1.21E-05,1.07E-05,5.48E-06,8.08E-06,1.07E-05,0,3.75E-06,3.49E-05,2.28E-05,4.53E-05,1.33E-05,0,4.62E-06,1.10E-05,8.36E-06,2.88E-06,4.33E-06,1.64E-05,4.62E-06,3.46E-06,0,0,0,0,0,3.17E-06,0,0,0,0,4.33E-06,0
368259764,0.429605968,0.001026544,0.000928258,0.000344001,0.000237525,0.000210223,0.051237108,0.028225867,0.001573943,0.000698924,0.001030639,0.004193542,0.000105112,5.05E-05,0.259083618,0.12391015,0.029364348,0.003102839,0.000427272,5.73E-05,0.012416815,0.013601709,0.001004703,0.001235402,0.000846353,4.91E-05,0.000237525,0.001010163,0.000200668,0.000129683,0.000300319,0.000141969,0.000110572,0.000144699,4.78E-05,0.011429859,0.000326255,6.83E-05,0.002433947,0.001290006,7.23E-05,0.000303049,0.002233279,1.50E-05,0.000752162,0.000156985,0.000514637,0.000227969,3.96E-05,9.83E-05,1.77E-05,0.001871532,0.000114667,0.000102381,1.64E-05,0,0.01024633,3.00E-05,0,5.73E-05,5.60E-05,2.46E-05,2.46E-05,1.77E-05,0,0,0,2.87E-05,0,0,5.05E-05,0,6.96E-05,0,0,2.05E-05,1.64E-05,0,6.14E-05,2.18E-05,0,0,0,0,0,1.50E-05,0,0,3.28E-05,3.00E-05,0,0.000193842,0,0,0,2.73E-05,0,0,0,0,0,0,0,0,0,0,0,0,0,0,0,0,0
368259770,0.400870166,0.001219721,0.001028327,0.00042178,0.000192668,0.000219173,0.039086876,0.002094627,0.001758732,0.000530092,0.000135326,0.003254203,0.000109586,9.17E-05,0.293741426,0.169611012,0.036115304,0.008154238,0.000695236,6.40E-05,0.009951963,0.003774865,0.000799215,0.001062222,0.000457714,5.12E-05,0.000283905,0.000987041,0.000180435,0.00011137,0.001208507,0.000125897,0.000136346,0.000415918,2.80E-05,0.008859158,0.000517094,7.52E-05,0.002219504,0.001365496,7.21E-05,0.000382787,0.00120443,2.32E-05,0.000752832,0.000134562,0.000314487,0.000316016,4.66E-05,0.000136091,1.83E-05,0.002578845,0.000115193,9.05E-05,2.27E-05,1.25E-05,0.000968947,2.45E-05,3.16E-05,6.91E-05,4.18E-05,2.80E-05,4.03E-05,1.76E-05,1.20E-05,6.88E-06,8.92E-06,4.15E-05,6.37E-06,9.43E-06,2.19E-05,5.61E-06,6.91E-05,2.80E-06,9.17E-06,1.53E-05,1.43E-05,1.04E-05,5.25E-05,2.40E-05,9.17E-06,7.14E-06,4.59E-06,5.35E-06,4.84E-06,5.35E-06,2.80E-06,2.55E-06,3.13E-05,2.06E-05,6.63E-06,9.68E-06,3.31E-06,6.37E-06,3.57E-06,6.37E-06,0,3.31E-06,8.64E-05,2.55E-06,0,0,0,0,0,0,0,1.96E-05,0,0,0,0,0
368259776,0.413906818,0.001103947,0.000834381,0.000409555,0.000218661,0.000277664,0.046904216,0.003973839,0.001021573,0.000411175,0.000205934,0.004136042,0.00010181,5.51E-05,0.311577561,0.122218584,0.040427464,0.003693167,0.000406084,7.52E-05,0.008992391,0.001715271,0.002748414,0.003466871,0.000662924,5.32E-05,0.000242262,0.001122689,0.000204777,0.000134204,0.000350551,0.000130271,0.00016012,0.00011176,4.30E-05,0.014113678,0.000638859,7.89E-05,0.002770627,0.001607676,9.93E-05,0.000576848,0.001320063,4.30E-05,0.000956091,0.000188349,0.000223983,0.000269334,4.44E-05,0.000101347,2.68E-05,0.002690567,9.90E-05,0.0004438,2.66E-05,9.72E-06,0.000822812,2.27E-05,3.08E-05,6.73E-05,4.21E-05,2.87E-05,2.73E-05,2.06E-05,1.34E-05,7.87E-06,1.55E-05,3.45E-05,1.34E-05,7.40E-06,1.60E-05,4.63E-06,6.69E-05,2.78E-06,1.04E-05,1.55E-05,1.48E-05,8.79E-06,7.08E-05,2.52E-05,1.13E-05,1.20E-05,7.64E-06,4.16E-06,6.48E-06,6.02E-06,3.24E-06,2.55E-06,3.05E-05,3.03E-05,1.25E-05,1.13E-05,4.86E-06,7.40E-06,0,1.37E-05,0,3.93E-06,5.78E-06,6.25E-06,3.24E-06,0,0,0,0,0,0,0,0,0,0,0,0
368260393,0.489965184,0.001165006,0.001213301,0.000592006,0.000253316,0.00023244,0.046815536,0.00375737,0.003474765,0.000888321,0.000210941,0.005302506,0.000103445,7.51E-05,0.193144506,0.146420263,0.040844998,0.004096994,0.000463634,0.000110612,0.012414993,0.00743996,0.001428604,0.00163643,0.001157216,6.67E-05,0.001327652,0.001910622,0.000330277,0.000174798,0.000585151,0.000203152,0.000192246,0.000151741,3.15E-05,0.016794904,0.000524393,8.23E-05,0.00276685,0.001363172,7.85E-05,0.000293822,0.002165808,3.21E-05,0.000916052,0.000178225,0.000438708,0.000302858,5.14E-05,0.000126502,1.74E-05,0.003131089,0.000105626,0.000134604,2.74E-05,1.84E-05,0.001225453,2.31E-05,2.77E-05,7.85E-05,6.64E-05,4.18E-05,3.12E-05,2.84E-05,1.74E-05,8.72E-06,1.71E-05,3.52E-05,9.35E-06,1.12E-05,0.000101887,4.05E-06,8.13E-05,0,1.62E-05,1.90E-05,1.93E-05,1.31E-05,9.94E-05,1.78E-05,1.25E-05,8.72E-06,9.35E-06,7.17E-06,3.74E-06,7.17E-06,3.43E-06,4.67E-06,3.96E-05,2.21E-05,9.97E-06,7.48E-05,3.12E-06,1.18E-05,5.61E-06,3.77E-05,0,3.43E-06,5.61E-06,0,4.67E-06,0,0,0,0,0,0,0,0,0,0,0,0
368297838,0.407873992,0.002790431,0.002142686,0.001153024,0.000509078,0.00054327,0.033954358,0.014700575,0.001952732,0.000355215,0.001424658,0.012905505,0.000281133,0.00016716,0.158395417,0.224774999,0.060766428,0.009222288,0.000723726,0.000129169,0.011568226,0.006566725,0.001329681,0.004298669,0.002488403,0.000144365,0.001137827,0.002801828,0.00050148,0.000395105,0.000685736,0.000520475,0.000408402,0.000448292,0.000110174,0.002034412,0.00020895,6.65E-05,0.002632769,0.003533153,0.000134868,0.000813005,0.000911781,3.61E-05,0.001170119,0.000216548,0.000321023,0.000440694,7.98E-05,0.000222247,3.99E-05,0.002693554,0.000275434,0.000786411,6.65E-05,3.99E-05,0.013327204,6.84E-05,7.60E-05,0.000226046,0.000189954,9.31E-05,6.84E-05,4.75E-05,5.70E-05,0,4.75E-05,9.31E-05,0,0,3.61E-05,2.47E-05,0.000186155,0,2.28E-05,5.13E-05,0,0,0.000148164,4.94E-05,3.80E-05,0,3.61E-05,0,0,2.66E-05,0,0,3.61E-05,7.41E-05,2.85E-05,1.90E-05,0,0,0,0,0,0,3.42E-05,0,0,0,0,0,0,0,0,0,0,0,0,0,0
368297861,0.448664112,0.002011568,0.001659067,0.000877122,0.000363615,0.000355921,0.062014384,0.009126291,0.002396271,0.000793628,0.000689615,0.008548382,0.000245355,8.66E-05,0.212564566,0.139934663,0.038354019,0.005029064,0.001032713,6.95E-05,0.009985746,0.006912968,0.001079448,0.001821782,0.001048102,8.21E-05,0.000463353,0.001598369,0.000276416,0.000156446,0.001144705,0.000259888,0.000214294,0.000260743,5.50E-05,0.013501645,0.000300638,7.49E-05,0.003722214,0.001548785,8.83E-05,0.000566796,0.001733158,5.16E-05,0.003732473,0.000682206,0.000512937,0.00028297,8.66E-05,0.0001251,3.42E-05,0.009978907,0.000142198,0.00028639,3.28E-05,1.23E-05,0.000866579,4.05E-05,3.79E-05,0.000108002,6.61E-05,4.73E-05,3.70E-05,3.39E-05,2.71E-05,9.40E-06,2.05E-05,5.87E-05,7.41E-06,1.51E-05,4.27E-05,7.41E-06,9.63E-05,4.27E-06,1.57E-05,2.22E-05,2.08E-05,1.60E-05,0.000109142,3.16E-05,1.34E-05,1.40E-05,9.97E-06,3.42E-06,3.99E-06,6.55E-06,4.84E-06,0,3.51E-05,4.19E-05,1.85E-05,0.000371309,8.55E-06,1.23E-05,7.12E-06,1.23E-05,0,5.98E-06,6.84E-06,0,3.70E-06,0,0,0,0,0,0,0,5.70E-06,0,0,0,0
368299257,0.464296847,0.00202426,0.001215893,0.000930301,0.000472948,0.000442769,0.027803496,0.005360015,0.000739501,0.000423932,0.000419476,0.014567623,0.000121123,0.000151303,0.162144354,0.214934112,0.053426365,0.00839762,0.000441351,8.83E-05,0.012282684,0.002124723,0.001340257,0.003209771,0.002198856,9.52E-05,0.000750439,0.002280685,0.000430616,0.000229284,0.00020194,0.000436287,0.000329342,0.000171963,6.12E-05,0.000745375,0.000112414,4.52E-05,0.002128774,0.001117252,4.31E-05,0.00025521,0.000641671,1.56E-05,0.000791758,0.000159,0.000214903,0.000476392,3.34E-05,0.000160418,1.82E-05,0.00611815,0.000244677,0.00025521,4.23E-05,2.01E-05,0.000460391,4.88E-05,5.39E-05,0.000150493,0.000115655,6.89E-05,6.48E-05,4.31E-05,2.57E-05,1.11E-05,2.65E-05,5.69E-05,9.72E-06,1.62E-05,3.12E-05,6.68E-06,0.000126997,3.65E-06,2.29E-05,2.82E-05,1.88E-05,1.94E-05,0.00013996,2.98E-05,1.13E-05,1.15E-05,1.40E-05,7.70E-06,5.67E-06,6.68E-06,4.86E-06,5.67E-06,4.94E-05,3.71E-05,1.92E-05,9.52E-06,3.24E-06,1.01E-05,5.87E-06,2.03E-06,0,7.49E-06,9.92E-06,3.04E-06,4.46E-06,0,0,0,0,0,0,3.04E-06,0,0,0,2.03E-06,2.23E-06
368299282,0.501081693,0.001708014,0.000911336,0.000668688,0.000354046,0.000296273,0.037723842,0.004022202,0.001124948,0.000763495,0.000249462,0.006375794,0.000125027,0.000107251,0.188190501,0.140843418,0.058782923,0.00538802,0.00042367,0.000317308,0.01105898,0.002302337,0.000945111,0.002238935,0.001123467,7.73E-05,0.000434632,0.001766676,0.001210571,0.000276126,0.000456853,0.000241166,0.000234648,0.000148433,4.65E-05,0.008992773,0.000209465,4.03E-05,0.002226787,0.00153736,5.57E-05,0.000263979,0.001166427,2.67E-05,0.001461811,0.000287385,0.000276719,0.000169468,4.62E-05,0.000127397,1.45E-05,0.00893174,0.000127397,0.000211539,3.58E-05,1.90E-05,0.000528551,3.41E-05,4.36E-05,0.000107251,7.67E-05,5.01E-05,3.79E-05,3.08E-05,1.75E-05,1.30E-05,1.72E-05,6.37E-05,1.19E-05,3.64E-05,3.14E-05,8.59E-06,0.000100437,4.74E-06,1.54E-05,1.99E-05,2.37E-05,1.54E-05,9.33E-05,2.64E-05,1.54E-05,6.52E-06,9.18E-06,5.63E-06,7.11E-06,8.00E-06,3.85E-06,4.74E-06,4.77E-05,3.35E-05,1.51E-05,0.000141618,6.81E-06,9.78E-06,5.04E-06,8.00E-06,0,5.33E-06,6.22E-06,0,4.44E-06,0,0,0,0,0,0,0,0,0,0,0,0
