feature	Cutibacterium.acnes	Cutibacterium.granulosum	Tessaracoccus.sp..T2.5.30	Tessaracoccus.flavus	Propioniciclava.sp..HDW11	Nocardioides.sp..CF8	Nocardioides.sp..zg.579	Nocardioides.sp..JS614	Nocardioides.sp..R.3366	Nocardioides.sp..HDW12B	Nocardioides.seonyuensis	Micropruina.glycogenica	Micrococcus.luteus	Micrococcus.sp..KBS0714	Kocuria.palustris	Kocuria.flava	Kocuria.sp..KD4	Kocuria.rosea	Kocuria.turfanensis	Rothia.mucilaginosa	Janibacter.indicus	Janibacter.limosus	Janibacter.melonis	Serinicoccus.profundi	Serinicoccus.sp..JLT9	Serinicoccus.chungangensis	Serinicoccus.marinus	Ornithinimicrobium.sp..AMA3305	Ornithinimicrobium.sp..HY006	Ornithinimicrobium.flavum	Phycicoccus.sp..HDW14	Microbacterium.aurum	Brachybacterium.sp..SGAir0954	Brachybacterium.sp..P6.10.X1	Brachybacterium.saurashtrense	Brachybacterium.faecium	Brachybacterium.ginsengisoli	Brachybacterium.vulturis	Brachybacterium.avium	Brevibacterium.sp..CS2	Brevibacterium.linens	Brevibacterium.luteolum	Kytococcus.sedentarius	Corynebacterium.segmentosum	Corynebacterium.jeikeium	Corynebacterium.ureicelerivorans	Corynebacterium.minutissimum	Corynebacterium.sanguinis	Corynebacterium.xerosis	Dietzia.sp..oral.taxon.368	Dietzia.lutea	Dietzia.timorensis	Gordonia.terrae	Gordonia.sp..JH63	Geodermatophilus.obscurus	Staphylococcus.epidermidis	Staphylococcus.hominis	Staphylococcus.capitis	Staphylococcus.arlettae	Staphylococcus.saprophyticus	Staphylococcus.haemolyticus	Exiguobacterium.mexicanum	Deinococcus.sp..NW.56	Chroococcidiopsis.thermalis	Acinetobacter.johnsonii	Acinetobacter.junii	Acinetobacter.sp..ACNIH1	Acinetobacter.indicus	Acinetobacter.baumannii	Acinetobacter.schindleri	Acinetobacter.towneri	Moraxella.osloensis	Pseudomonas.stutzeri	Pseudomonas.alcaligenes	Pseudomonas.aeruginosa	Pseudomonas.mendocina	Pseudomonas.oryzihabitans	Pseudomonas.putida	Escherichia.coli	Stenotrophomonas.maltophilia	Stenotrophomonas.acidaminiphila	Lysobacter.oculi	Luteimonas.sp..YGD11.2	Pseudoxanthomonas.suwonensis	Thermomonas.sp..SY21	Aeromonas.caviae	Rheinheimera.sp..LHK132	Paracoccus.sp..AK26	Paracoccus.sp..Arc7.R13	Paracoccus.sp..2251	Paracoccus.sanguinis	Paracoccus.yeei	Paracoccus.contaminans	Paracoccus.zhejiangensis	Paracoccus.aminovorans	Paracoccus.pantotrophus	Paracoccus.denitrificans	Paracoccus.jeotgali	Rhodobacter.sphaeroides	Sphingobium.yanoikuyae	Brevundimonas.naejangsanensis	Comamonas.aquatica	Massilia.oculi	Chryseobacterium.taklimakanense	Cloacibacterium.normanense	Malassezia.restricta	Aspergillus.fumigatus	Aspergillus.oryzae	Thalassiosira.pseudonana
368257968	0.0552909812612038	-0.00245855446641112	-0.0032148847868959	-0.00427814043642242	-0.00271549544587583	-0.00446830139560297	-0.0045190871583374	-0.00448966694620394	-0.00464869065508428	-0.00461085892531826	-0.00450612773245324	-0.00436778843458476	0.07471913557872	-0.00204933276070698	0.0293217975784061	-0.00351715738344613	-0.00453169708469864	-0.00465219373943578	-0.00461681375089637	-0.00404110219477213	0.031522652496872	-0.00164586695154829	-0.00109315488603185	-0.00436533717133434	-0.00451033163511948	-0.00462662230516729	-0.00453204675217012	-0.0045439564992518	-0.00472540961199627	-0.00395848477518209	-0.00413948214336855	-0.0036557294068787	-0.000701240025671416	-0.00138431168572098	0.00292410207836413	2.7043061517408e-05	-0.000484932213654136	-0.0026578089487269	-0.00303930082956878	0.00317994624974048	-0.00414088226283436	-0.00351190872230872	0.00376126135448267	0.00557149192890965	0.0106694142195041	0.00530724182710718	0.00465602794417597	-0.0018330829020181	-0.00311239870363643	-0.00359378957607698	-0.00411847459479392	-0.00337650498350623	-0.00323972071613594	-0.00380972073533623	-0.00458984147204314	-0.00244876815158235	0.0039623673682893	-0.00335621396568447	0.00851893711984834	0.00786565986438996	-0.00364523065742765	-0.00422316519402679	-0.0048981367366206	-0.00421160982102601	-0.00290640874783811	0.00186248511472664	-0.00417064375378778	0.00570220439329681	-0.00318445233551375	-0.00227017276532713	-0.00378382043059942	0.00674036070935227	0.0311411393712451	-0.000939581285388454	-0.00350840963018837	-0.00230616860235585	-0.00322048109844308	-0.00459404472753715	-0.00440000802170086	-0.00304384771782857	-0.0043292671377808	-0.00387622461728764	-0.00386607298734924	-0.00306693062720241	-0.00371137322170675	-0.00453344842043314	-0.00313233559624872	0.00247900071875172	-0.00176182496842852	-0.00419515288330571	-0.000526445100842808	-0.00148347839447967	-0.00388497558870604	-0.00408206395403779	-0.00460910745400695	-0.00474607917308528	-0.00473416801779697	-0.00472646081649093	-0.00463642995649254	-0.00421441126263351	-0.00435938384306266	-0.00314597659451472	-0.00457548039914822	-0.00428269296105085	-0.00231840076340363	0.0164976753950774	-0.00290046409868758	-0.00230127617856118	-0.00353360316712658
368258054	0.00122852556057367	-0.00269370157478894	0.00401665297222408	-0.00013087018678739	0.00216650350775935	-0.000506818860042984	-0.000718128818205914	-0.00067156514448676	-0.000847085155620274	-0.000592770403952479	-5.56974096498215e-05	-0.000666192782648348	0.0174831643048249	-0.00266499031561298	0.00376885650326711	0.00227185923431354	-0.00187933596216598	-0.00109967303922237	-0.00188650781293553	-0.00268114073481957	0.00385978109938582	-0.000827382181084039	0.00179320408478628	-0.00110504773038487	-0.0016964641533843	-0.000696637545710798	-0.00162117359845849	-0.000732455924659752	-0.00139892012350082	0.00121243790152825	-0.000184569342290883	-0.0002919743103156	-0.00124659765092318	-0.00164626982025377	-0.00051219136322977	-0.000886491271482569	-0.00127347634262643	-0.00192236983614346	-0.00209990289535881	-0.00174845372611754	-0.00124301401304493	-0.00241918246430731	0.00164491727787341	-0.00196540456316738	-0.00153871830492778	-0.00214832656381179	-0.00212142334820307	-0.00260936453419186	-0.00184885517137846	-0.00118925799139482	-0.00156381245746585	-0.00206403450500508	-2.52721533092286e-05	-0.000857831851989449	0.00142870146728325	-0.00269190715941931	-0.00233666234649395	-0.00281214510797479	0.000155471634455299	-0.00253938762350508	-0.00242097639036173	-0.000816635811941269	0.000223466156014848	0.000813747528584657	-0.00147060949247673	0.00117668783855827	-0.00220572024477613	0.000921033808591226	-0.00224338632589665	-0.00148136289179817	0.000303979454660418	0.0063863322539118	0.0342355873814113	0.000447097871679958	0.000293244124688938	-0.000696637545710798	-0.00149032414623313	-0.00185781971962518	-0.000594561056546042	-0.000727083235685066	-0.00178072423455465	-0.0012268868033073	-0.00232051748975437	9.82100285399475e-05	0.000584831188868128	-0.00263448556841523	-0.00229899175265284	0.0105441583574156	0.00284665715170264	-0.000404761744075785	0.00252716720304338	0.000436365074581532	-0.000204258658257825	-7.0016025509181e-05	-0.00104771718450464	-0.00136307686701017	-0.00136845397242827	-0.00153513362004385	-0.000913361283507086	-0.000761111751125226	-0.00223083114095618	-0.00176817385829185	-0.00128422762229415	-0.00197975054971259	0.00768362599149937	0.00102115755169685	-0.0011713409578043	-0.00121255161319322	0.00096752122116966
368259600	0.0689791353757717	-0.00345859708972165	-0.0042842264573851	-0.00480219197542605	-0.00446538547218754	-0.00471945734161521	-0.0047056689014437	-0.00471157735317968	-0.00475885321882878	-0.00480317631034989	-0.00477658261941298	-0.00479234168427711	0.0460754041887768	-0.00306521188406581	0.00872327470262272	-0.00428619510756984	-0.00506127537730407	-0.00473915458658704	-0.00493615837280871	-0.00442304626935562	0.0025824496871613	-0.00385804151740292	-0.00278403578356168	-0.00387870722415449	-0.00476476298409773	-0.00483174143234803	-0.00478938671578368	-0.00482977170788168	-0.00497457828361837	-0.00438366262016374	-0.00462392641121604	-0.00366321841127594	-0.00327958702495782	-0.00385410590631259	-0.00246461365112171	-0.00355795118488898	-0.00376456146132528	-0.00437480136301419	-0.00456385455181624	-0.00199303843247527	-0.00425469317456619	-0.00382261658345354	0.00127142800358196	0.00171775998089526	0.000598617707946173	-0.000434492966472471	-0.0022622020873693	-0.000864126329596625	-0.00455696188018142	-0.00371044473964918	-0.00426945920755285	-0.00361501114609026	-0.000463913639811081	-0.00130375925200961	-0.00475589834929114	-0.00303079761628169	-0.000806242704199874	-0.00251473165226483	0.00894675105528124	-0.00345072802852467	-0.00172001898981354	-0.00495980083574385	-0.00508098035596942	-0.00464854667518163	-0.00287939010331627	0.00557666957746816	-0.00180250582776531	0.0103864934578992	-0.00308291028494448	-4.13147144126748e-05	-0.0030976600229747	0.00431544564297444	0.14341413917242	-0.000922013305701751	-0.00212564630018628	0.00162870512592713	-0.00385804151740292	-0.00413066071339255	-0.00358352935114482	-0.00316452690054808	-0.00457074827005338	-0.00412081803341266	-0.00267394585107128	-0.00341433355274269	-0.00453332794026506	-0.00401648618915874	-0.00351466731547948	0.00162283298943353	0.00222649065487677	-0.0041601913319821	0.00484041686836006	-0.00164833945402004	-0.00365731515227328	-0.00386001032713967	-0.00441516961521801	-0.00451855801049867	-0.00459832162000417	-0.00450772646770324	-0.00464559213156698	-0.00290790032416964	-0.0045313588035028	-0.00310454264342203	-0.00493911377503989	-0.00404207608673863	-0.00403026512978414	0.0146131475809753	-5.30786516107e-05	0.000579023943418658	-0.000397227094179921
368259989	0.0667152241121169	-0.000638003008489405	-0.00261121559054502	-0.00337346249828215	-0.00171716356272636	-0.0037331906846802	-0.00382727528828076	-0.0038132886119465	-0.00384719465116783	-0.00379464068048626	-0.00365606485555492	-0.00379336992442807	0.0448181934650226	-0.0029465324507914	0.0277219017399109	-0.0020411807400546	-0.00231155791300833	-0.00352089698170024	-0.0034950516824895	-0.00358487690810552	0.00992533036506213	0.000623133265118175	-0.000655324396942114	-0.00338066444194889	-0.00386796264294223	-0.0036776759500869	-0.0037891310855118	-0.0035920803745336	-0.00379591243718307	-0.0028648101487447	-0.00348488373082359	0.00143630637980204	0.000258086239010174	-0.00141523616478719	0.00272598998968259	-0.000470717121776838	-0.000714474126057123	-0.00248761665783465	-0.00278648078732955	-0.00113580203121121	-0.00132645168669524	-0.00355775949859302	0.00318736019238589	0.000336171377036278	-0.00234837487916513	0.00362117448112076	-0.00193880299604586	-0.000206750069448844	-0.00307696360122522	-0.00327814947976913	-0.00371920532420573	-0.00163469532110722	-0.00348954373787732	-0.00383702311831693	-0.00347302108476485	-0.00150868030837382	0.000893983048027686	-0.00325485258955612	0.00892112344290374	-0.00232298382616022	-0.00393874709949683	-0.0036891174831409	-0.00390187053602551	-0.00195614792820433	-0.00215795420360288	0.00543895841149354	-0.00311762143686497	0.00208788666092723	-0.00213891422993355	-0.00148035032388413	-0.00374166590830634	0.00204828150908031	0.0375344072291205	0.000353053767797465	0.000818051628688299	0.000742113448829949	-0.00205133402273536	-0.00309093998253862	-0.00394468116795076	-0.00244275229025397	-0.00391797763763477	-0.00386287725750743	-0.0036958981566166	-0.00340481110410247	-0.00372471453392986	-0.00257608122395293	-0.00249989165525743	0.00667694163962285	0.00144726804956513	-0.00278817442195993	0.00446764328270166	-0.000531545749144712	-0.00251936154892044	-0.00295203740533116	-0.00356114838547572	-0.00365479327669766	-0.00373022377400566	-0.00379675960986305	-0.00349759443560499	-0.0012435931522749	-0.00398537429913761	-0.00319385808646043	-0.0042278687909927	-0.00308246927383134	-0.00226585456837499	0.0109018024619526	-0.00261036842378988	-0.00203060372405072	-0.00289741342736666
368273379	0.0450605188797249	-0.00361843441861773	-0.0043745577840196	-0.00495436647059482	-0.00445266824593117	-0.00493448546098499	-0.00504486233738672	-0.00498932958482524	-0.00502840857027771	-0.00499687102450169	-0.00491940357941913	-0.00511274111151925	0.0593737119851691	-0.00274864073587091	0.015143528973066	-0.00431358126906901	-0.00511548378509633	-0.00506680244729603	-0.00505446107624113	-0.00490637850111568	0.0101387320446024	-0.00285056814204364	-0.00259884735412927	-0.00462878201365023	-0.00494271203771313	-0.00497219016070641	-0.00478916142931637	-0.00491666144357237	-0.00499755661274689	-0.00435811504215949	-0.00479258866329872	-0.00450611644526566	-0.00385671579165676	-0.00412793305742571	-0.0026939193597143	-0.00361227264500616	-0.00377865186418236	-0.0045465461102295	-0.0046719590948236	-0.00148533259327495	-0.00429645342287553	-0.00299971501708008	-0.000727293852663751	0.0012525046953747	-0.000772350894955413	0.00102492095089395	-0.0013480238748465	-0.00335077757988429	-0.00457327236172727	-0.00416629337516598	-0.00460753783166254	-0.00436291010648116	-0.00331587170662597	-0.00384439034385465	-0.00497356130382563	-0.0034308616551849	-0.00185363301157235	-0.00401080819028886	0.0017497364135072	-0.00367868387426773	-0.00480561225955529	-0.00495299535379419	-0.00515936658582842	-0.00506817372014825	0.0455201479446324	0.0115504247222205	-0.00339116155871075	0.0160287143811435	-0.00135963648864155	-0.00132821443313159	-0.000292534420390874	0.00564342452006829	0.0515182996203121	0.00118914021869148	-0.00119844013370297	0.00194175084766978	-0.00106526718293888	-0.00317831042874482	-0.00354791960983171	-0.0022029260365402	-0.0040738211097239	-0.00427727058341351	-0.00395259233846155	0.00192677308431584	-0.00444650132983075	-0.00115404684767101	0.00168640343681727	0.00475102999457839	-0.00203885944418146	-0.00416971847509469	0.00107466716568901	-0.0020026312598698	-0.00366156789702071	-0.00424918308818047	-0.00466784691153419	-0.00470005946655593	-0.00479944316650132	-0.00479807226210203	-0.00470142923749123	-0.00325632750344623	-0.0040587522029138	0.00698628200478375	-0.00516210938728711	-0.00504280547676176	-0.00400190436988981	0.035730481127958	0.00375250548413372	0.00738926167166024	-0.00059691493048771
368281318	0.0348163277557624	-0.00291562303510326	-0.00371047077109847	-0.00434469177216374	-0.0032031912245201	-0.00441763877489677	-0.00440516085747699	-0.00446179380888228	-0.00444739497508313	-0.00444835515732621	-0.00437828525702688	-0.00426215300182065	0.0766833110492099	-0.00121969752220099	0.0185781841423334	-0.00196436279507783	-0.00417962104356401	-0.00426311300621406	-0.0042429591011545	-0.00431877785461868	0.0106560820218269	-0.00133930377562562	0.000282303392706999	-0.0037622677588602	-0.00432453622292287	-0.00406830993507187	-0.00405679618210906	-0.00415083270673697	-0.00424487907401066	-0.00347358052551863	-0.00387354480477546	-0.00218748744643677	-0.0020716093203061	-0.00269329437626948	-0.000265268527069097	-0.00197489566688661	-0.00233211420190598	-0.00346686781401309	-0.00370951129709732	0.00269454576001394	-0.00374116444078709	-0.00372965445385906	0.00312237880557682	-0.0014330860877909	-0.000643870893328782	0.000244088550354344	-0.0032818073697195	-0.00252657931736286	-0.00304118429687876	-0.00398387549605345	-0.00437732514206129	-0.00395988935396663	-0.00382270163471639	-0.00424199911610894	-0.00371910308327273	-0.00136514059723711	0.000333891312350381	-0.00336905898692929	0.0248872057202786	0.00321001875098227	-0.00335755328210879	-0.00461154957501472	-0.00398675371197664	-0.00337385373506012	-0.00220281180524287	0.00693808321900796	-0.00228230644841319	0.0083094312599505	-0.00282745234215917	0.000713078986414728	-0.00389465091672767	0.0047481866268394	0.056214661240393	-0.000769147216947872	-0.0028015777119115	-0.000403881656331763	-0.00347166203296237	-0.00382557938678312	-0.00388121988459516	-0.00269712638482823	-0.00420073361665254	-0.00407022957263534	-0.00137470992294058	-0.00357043923791755	-0.00419401602221936	-0.00425159701013113	-0.00226889805111154	0.00982747891800163	0.00421161950827778	-0.00310349139412945	0.00476150108772071	-0.00025953348607816	-0.00274408015464026	-0.00350139009736714	-0.00408462197789149	-0.00412108532967721	-0.00421320898349067	-0.00419401602221936	-0.00419305608415704	-0.00302105500316705	-0.00402129394795529	-0.00367977704510036	-0.00455490914135967	-0.00390328481895562	-0.00362318836304743	0.00711079066942309	0.00269740480984048	0.00730054393530031	-0.002390546284743
368281322	0.00242973326681634	-0.00302310291935025	0.00397231788024199	-0.00086365934665362	0.00289176479240518	-0.000773921930564773	-0.00108138862309166	-0.00122102645861882	-0.00135070783848921	-0.00062105557774335	-0.000192487317219881	-0.000346949811714249	0.0341741354568347	-0.00279829058203735	0.015175405742366	0.00361667512201435	-0.00137398555914978	-0.00166833097855259	-0.00120606464993713	-0.00324963228515706	0.00613487734386769	-0.000619393475906679	0.00282056926834041	-0.000906869492309015	-0.00206259019226319	-0.00150036063946601	-0.00183133917234613	-0.00116616659021766	-0.00173818795159651	0.000796836472367439	-0.000200791317021119	-0.000136023541748056	-0.0013723222053966	-0.00177478178964868	-0.000280511031021051	-0.00121936435693043	-0.00151865304011388	-0.00226393818876607	-0.00242371429732483	-0.00164670921463932	-0.00268507059423082	-0.00260182816344238	0.00796007601096436	-0.00278496985934111	-0.00165502529913379	-0.00147375392712175	-0.00278163945658727	-0.0030947208185166	-0.00248363679532468	-0.00154526094711852	-0.00201101096533665	-0.00239874806572499	-0.000514726507436073	-0.00134239428432857	0.00446835208064011	-0.00329461120614904	-0.00249861873009133	-0.00343122588834328	-0.000936784381668393	-0.00333292766068206	-0.00294816019094674	-0.00202432138226111	5.82556150714448e-05	-0.00118944001552507	-0.00287488793138133	-0.00225395321680807	-0.00327295425096171	-0.00203763197635534	-0.00323464009428441	-0.00268673513386027	-0.00315801518497696	-0.00128586454753357	0.0299530199231468	-0.000215738092440655	-0.000551275600897443	-0.00141555433651456	-0.00250361242524646	-0.00220735633480004	-0.00182967505767874	-0.00120938881186587	-0.00231386554285837	-0.0014288568299698	-0.00230388007236719	-0.000832084189320579	0.000446700732189691	-0.00312303596103715	-0.00300811412423878	0.0175521329940005	0.00331055563879663	0.000381970688898139	0.00997595500348911	0.00458075137544366	0.00237341318795923	0.00027241768607766	-0.000805495251439425	-0.000886925732563847	-0.00114455568114123	-0.00137065985222048	-0.00073736469882491	-0.00164504640527287	-0.00210085946828406	-0.00205759770045182	-0.00239208984334764	-0.00254522818732897	-0.000586164980664751	-0.00149038229093049	-0.00152863067278223	-0.00166500429257435	0.000818404005601968
368281337	0.074906001403253	0.00172319831359438	-0.00316131553461084	-0.00418014284277448	-0.00330178146619728	-0.0035203242502154	-0.00370963514929423	-0.00372134630975682	-0.00387750922171522	-0.00378380814866097	-0.00358277353378198	-0.00404345747987027	0.0707185285119896	-0.00143830939370089	0.0100437397352907	-0.00296040501289079	-0.00421333993703842	-0.00409617687783798	-0.00410593944229984	-0.00292139803743871	0.0400363259410511	-0.0016583926130188	-0.00070245429593448	-0.00361009632173015	-0.00424067995948719	-0.00421333993703842	-0.00406103063671109	-0.00416647306608342	-0.00435395373036614	-0.00329007521826672	-0.00357106399604569	-0.00292724948569027	-0.00264254198744058	-0.00317692188602376	-0.00186488592914959	-0.00297795914721674	-0.0030832874307105	-0.0038111374288072	-0.00406103063671109	-0.000733590587104244	-0.0032334974507698	-0.00384041805973303	0.00182608001107928	0.00203375381938681	-0.000632401185219939	0.000705451372312046	-0.00316131553461084	-0.00109172862950809	-0.00405907760448197	-0.00375257674152379	-0.00417623731595344	-0.000455343868787668	-0.00178501131448969	-0.00262499473759424	-0.00370573145961811	-0.00123774470930564	-0.00138378310923606	-0.0025957486753599	0.0100860929721696	-0.00121438062404759	-0.00408055617372478	-0.00418600066204582	-0.00412351369719016	-0.0030462257150965	-0.00236181495353295	0.00672498496318859	-0.00204024491705316	0.00300555890008974	-0.0028472889756723	-0.00135067981371511	-0.00206167917093549	0.00303851820666474	0.0263568606112774	-0.000574027341461901	-0.00283753769330419	0.00110762375029956	-0.0028531399902932	-0.00372720244075062	-0.00405517255045503	-0.00259964803440314	-0.00389898289260857	-0.00383846645709141	-0.00284338865087031	-0.00337202183168767	-0.00380528080625992	-0.00162722751407399	-0.00328812468937911	0.00405002014114792	-0.000558461558599051	-0.00359643433517392	0.00134457784952386	-0.00114234529541133	-0.00298771080105407	-0.00336421710298898	-0.00408836649528058	-0.00411374996211042	-0.00427778597089541	-0.00426020900459974	-0.00401807579722197	-0.00314375818135529	-0.00431098630683954	-0.00151620924360083	-0.0045336566884815	-0.00374867288421342	-0.0032139884458684	0.0207252040855223	-0.00161164532881757	-0.00109756838526247	-0.00271663587659086
368281369	0.0348266947578384	-0.00239048173119589	-0.00340515521017474	-0.00401406933596426	-0.00318522196974871	-0.00368783264449071	-0.00379477141858101	-0.00377092034184965	-0.00387902200339249	-0.0038101589318224	-0.00374591698393274	-0.00376861259004312	0.0506597585687381	-0.00231134928769996	0.0138808265566564	-0.00301838109467489	-0.0038659414015934	-0.00400868228131648	-0.00392711356945585	-0.00313101497582588	0.00626567100102185	-0.00150885929261906	-0.000445112498419358	-0.00332709580008334	-0.00370937312548031	-0.00366206119696277	-0.00332248234980804	-0.00382785456504319	-0.00397905549833518	-0.00338285232779665	-0.00361513607251496	-0.00147316557443249	-0.000478852729869586	-0.00225334920953333	-0.000216246670728839	-0.00182785782085688	-0.00202253239745087	-0.0029883993112166	-0.00325634858281387	0.00116580545673325	-0.00284810960610792	-0.00345860805527917	0.00418259154171154	3.44114080705697e-05	-0.00189389718070228	0.000927683238822008	-0.00333247918422864	0.00257423680195561	-0.00372706797429052	-0.0034066931517092	-0.0038282402118462	-0.00375861039572425	-0.00358705916552683	-0.0038590165051521	-0.00358744372063451	-0.00235859735306268	0.000751926285467147	-0.00379707923075649	0.00374094299009331	0.00121862897966712	-0.00340323278658276	-0.00416760609787186	-0.0039771309719141	-0.00330402576585781	-0.0018201792708752	0.0224308414650771	0.000409514220832846	0.0030297725574813	-0.00215502420328963	-0.00113969968737807	-0.000223146387169461	0.00867994701717461	0.0554555825619429	0.000701759466362166	-0.00173917271493562	0.00933130062593113	-0.0034839887457758	-0.00317714859263533	-0.0037189902214823	-0.0023493784080378	-0.0036082129126509	-0.0037055271121461	-0.00298955228653597	-0.00230673952356441	-0.00369514095212405	-0.00312294203633226	-0.00101923388586808	0.00471864428527471	0.00679185318444403	-0.0025741220169344	0.0106551085283101	0.00109269010691537	-0.00165548602623667	-0.00254453770425965	-0.00327211224709734	-0.00338746605659489	-0.00354167670828676	-0.00332248234980804	-0.00345630002538486	-0.00316599913236957	-0.00330825568164418	0.00100655355330406	-0.00387940667079249	-0.00362744425259533	-0.000629930523408116	0.00583065595583167	-0.00289192444350237	-0.00255337429082692	-0.0029926278921375
368281482	0.0704272057837144	-0.0012752949124711	-0.00464177897527363	-0.00495953356341138	-0.00467686174499246	-0.0048538673660511	-0.00487712842507787	-0.00487555208165418	-0.0048850141778394	-0.00487555208165418	-0.00486056944629976	-0.00496347725678099	0.0352480175125378	-0.00347491733282797	0.0193688527598771	-0.004477027843086	-0.00477265331849696	-0.00489802495618465	-0.00487279223716651	-0.000465175651113946	0.00262867231791353	-0.00280976225510052	-0.00332413606929356	-0.00462088779807692	-0.00485938695818413	-0.00488816789659855	-0.00489329383534579	-0.00486687773915599	-0.00494809943972781	-0.00460078651052121	-0.00470130098679544	-0.00410033127346316	-0.00399790673333911	-0.00427014209758233	-0.00328083533597398	-0.00397978637634556	-0.00417124617860469	-0.00459684424723053	-0.00462049406278799	-0.00316471894531908	-0.00422404232839739	-0.00456925383573131	-0.00147959743317002	-0.000624163963193351	-0.00300296564209554	-0.00128158062879001	-0.00369148377993054	-0.00356783858676407	-0.00417755012449234	-0.00448963963048961	-0.00476555703555834	-0.00333870147335655	-0.00413972804409591	-0.00440924345965032	-0.00483060584855046	-0.00116530376182745	-0.0014823479288249	-0.0027263531054586	0.00624573067041305	0.00132198911606988	-0.00439545074649559	-0.00506245155910127	-0.00498910714415423	-0.00477699007169228	-0.00287704425466791	0.00596573941205114	-0.0028369101323151	0.00336368945852821	-0.00286051836186908	-0.00234638290393391	-0.0023703724058896	0.00100142090945195	0.211256849430717	-0.0027239931726051	-0.00151653400345513	-8.76700922899222e-06	-0.00354539458688262	-0.00426068581755998	-0.00364147217967589	-0.00371629332911417	-0.00475215419346655	-0.00449949276252239	-0.00471312705991561	-0.00423152835163542	-0.0046942062095749	-0.00397387815632498	-0.00275625371757459	-0.00147763294036141	-0.00189500997012057	-0.00458541426980603	-0.00111856118599727	-0.00322887633204451	-0.00421419191002709	-0.00439229858124255	-0.00476200991244216	-0.00484440556457392	-0.00486293542629624	-0.00483494285307954	-0.00482942339586565	-0.00407630023523661	-0.00485702098658323	-0.00310883057049713	-0.00502972163409447	-0.00475451891750632	-0.00439072200279291	0.012932041561396	-0.00211202098954358	-0.00140219415598589	-0.00206798624871357
368281490	-0.000992885384679386	-0.00282293954551776	0.000794985335561953	-0.00146524684937578	0.000738153951539134	-0.000569465064285018	-0.000620233674706143	-0.000749622435577935	-0.000808999271990599	-0.000186739878420772	-5.86523005598786e-05	-0.00110921313395787	0.0177245203153024	-0.00260138392158569	0.00859076119069132	0.00681434750856622	-0.00171319213972097	-0.000899913757270801	8.49669131482525e-05	-0.00271338624086197	0.00214124590111122	-0.00113379185347141	0.00271188830831567	-0.000880256329378529	-0.00182386546757071	-0.00142959633832282	-0.00177467569870762	-0.00109200888878431	-0.00169187886810533	-3.04179455687578e-05	-0.000745527680106595	-0.00096257682019794	-0.00118008233417721	-0.00163244958750546	-0.000575607120046154	-0.00127758622365543	-0.00137141163526672	-0.00198907826024294	-0.00211577380981339	-0.001831654310913	-0.00204032860100924	-0.00208010109908845	0.00171693069783423	-0.00244960536573008	-0.00177180622871961	-0.00189191551986864	-0.00242540504704027	-0.00263625453350598	-0.00171770033287962	-0.00170376534779815	-0.00192881119603509	-0.00242294347149138	0.000538194302988822	-0.000690249124564648	0.0122990654554496	-0.00264856209862287	-0.00159556384538545	-0.00283607027138775	0.00200363904820717	-0.00179804026255082	-0.00229128749163902	-0.000777057929304326	0.00077168073435282	0.00496718865357206	-0.00165499093386761	-9.46627787354391e-05	-0.00160580947099806	0.00114204037063384	-0.00139517711857285	0.000765956364576534	-0.00210880301932016	-0.000484312146480378	0.0207898032789457	0.00573518502118086	-0.001336994418096	0.000698491809461195	-0.00195136022280134	-0.00148163776457193	-0.0021793324357797	-0.000314026066212688	-0.00161605520158481	-0.00134150091559792	-0.00187305765618608	-0.000266548020208901	-0.000634973624572165	-0.00247503661997338	-0.00103589278831941	0.0152117520594171	0.00211429751381814	0.000274382165951779	0.00607117537195284	0.00225474708037686	0.00124462203232716	-0.000551042116001747	-0.000961757493752089	-0.00102237549168467	-0.00120302374668537	-0.00141033784315281	-0.000505599696158143	-0.00129848136511746	-0.00161687506428972	-0.00116205737914661	-0.00160540004339959	-0.00208830156366532	0.00210123145810065	-0.00212110409446499	-0.00137837728743569	-0.000759449318463313	-0.00221131860113247
368281495	0.000102228515226084	-0.00331398684413455	0.000900339943905285	-0.0016577808128186	0.00066707415019313	-0.00155186106028661	-0.00176171354903948	-0.00175891482691707	-0.00186325736346586	-0.00136403118280235	-0.0012813174408398	-0.00143396398221971	0.0329040471737799	-0.00249354170649281	0.010180678034287	0.00580978715903623	-0.00180808624086615	-0.00119980860684177	-0.000671762800506436	-0.0034080801816336	0.00450284994217888	-0.0014599398400225	0.00166275706691384	-0.0016345981818698	-0.00240153388900965	-0.00202079195894775	-0.00227433716999232	-0.00176171354903948	-0.0021959467167572	-0.000329200469574348	-0.00133446112724748	-0.000732461945880149	-0.00165138555060123	-0.00213635886481053	-0.000869846777272915	-0.00188804548182968	-0.00188364722301145	-0.00263677104998458	-0.00271999761667435	-0.00122817657853345	-0.00276921631230308	-0.00269558848805105	0.00649235128696786	-0.00233153339434331	-0.00031163694674372	0.000639159371313763	-0.00241993517479399	-0.00274640754223279	-0.00268838635040268	-0.00222354309828976	-0.00261196436540332	-0.00269638972782186	-0.00144515328486644	-0.00204838250879406	0.00663546882258461	-0.00304016282749443	-0.00102243051720841	-0.00346934658139064	0.00288070018142123	-0.00237953349088415	-0.00266357838539989	-0.00291288485619846	0.00153247380117873	0.000155694390438379	-0.00284364891738265	-0.00105718487983261	-0.00267398223071621	-0.000423812785087352	-0.00310460895572789	-0.00226393848028943	-0.0031910770125886	0.00108970337422465	0.0304800176160484	0.000139335538835566	-0.00185446208143074	-0.00104000752602515	-0.00169455636039696	-0.00243873631715545	-0.00290728197174975	-0.00119381629125392	-0.00244753673957142	-0.00135124445589062	-0.00122338218816414	-0.0010104470501741	-0.000761614359614381	-0.00321950053003337	-0.0026351706646022	0.0231404973064733	0.0092385209741051	0.00119612966112804	0.0125463834770386	0.00614973962011161	0.00313970487150143	0.000153300501764109	-0.00053160889205232	-0.000657786506104069	-0.000963311478416482	-0.00131408246234079	-0.000615858794879912	-0.00220994452563197	-0.00200879552381354	-0.00248194013280251	-0.00241633459260949	-0.00205438094582796	-0.0012813174408398	-0.00174892173609333	-0.00237873350368606	-0.000660182342955672	-0.00247633966236012
368281511	0.00024570833297776	-0.00392667455150951	0.000904497592613909	-0.0014312681304837	0.00128356854439678	-0.00235590006677094	-0.00250255581527809	-0.00251220810037362	-0.00259437310548088	-0.00230764811383936	-0.00213913541058343	-0.00175561600482956	0.0426194346010136	-0.00300058975852253	0.0178388416764309	0.00568955984312866	-0.00190900551845974	-0.00152416402964201	-0.00121775985708214	-0.00383237756581723	0.00457562146697389	-0.00146913137055058	0.00184815519137537	-0.00152016548746721	-0.00262474576398942	-0.0019941804154923	-0.00207583283449231	-0.00198194470272216	-0.00240721605141204	-0.000218309983019999	-0.00201323976721332	-0.00190924099393487	-0.00174973502697718	-0.00218620252665086	-0.000549547432229279	-0.001772082926815	-0.0019593566251429	-0.00279357501067761	-0.00294736055008902	-0.00170645129592037	-0.00322178236801541	-0.00297044140815497	0.00976465736452322	-0.00307337285861386	-0.000599594966137243	-0.00129370593688578	-0.00225115998276868	-0.00349392401972704	-0.00313014321850917	-0.00235495874262288	-0.00284255750268012	-0.00293322943081302	-0.00242463509568179	-0.00298598642855937	0.002152589885598	-0.00363296864229627	-0.00134379072888544	-0.00365677299223416	0.00240164698092086	-0.00337634024286943	-0.00264334584081076	-0.00275472088870413	0.0018849547041099	0.0043829858933436	-0.00285927803241683	-0.00068207333843993	-0.00312590248741352	0.00120640573290069	-0.00332285522167208	0.000895817401633248	-0.00281994997736451	0.00100772479846797	0.0430743454101148	0.00258084478078396	-0.00243664062656399	0.000158133887368576	-0.00252327220167823	-0.00305240932822643	-0.00359855848502586	-0.000423382483949468	-0.00178760932972518	-0.00212595681546031	-0.00211607273359496	-0.00136189729869399	-0.00155144610365824	-0.0035650929742826	-0.00251079539457311	0.0190441006595374	0.00615014574549595	8.9102434609507e-05	0.0104127921391536	0.00445218954342799	0.00206283885234308	-0.000533805088051933	-0.00146301670678263	-0.00150864171651922	-0.00172574059671666	-0.00170668672370376	-0.00157214279566543	-0.00311271188073323	-0.00275801734374804	-0.00265464804272676	-0.0029956433810154	-5.83683598276832e-05	0.0002722375303089	-0.00344019687304799	-0.00334971478254672	0.00106097585732464	-0.00344632363860434
368281532	0.0639445837976232	-0.00241315820109648	-0.00330642988445767	-0.0042992229897592	-0.00306888937436068	-0.00442371272937865	-0.0045482189676441	-0.00455766475642741	-0.00469592914662669	-0.00457483923726507	-0.00445977554788772	-0.00444603732066517	0.0564358369152127	-0.00307746330417253	0.0145447743839586	-0.0029488540957466	-0.00473801301699287	-0.00454220787596132	-0.00450871845487962	-0.0044073998806119	0.0163754806616511	-0.00180324334300534	-9.91980201435437e-06	-0.00397991152423869	-0.00453533867200136	-0.00443229928217859	-0.00439194532257926	-0.00435330997240564	-0.00462035388727924	-0.0036306735510707	-0.0040348389568603	-0.00375250665468943	-0.00253655691683748	-0.00304230916282801	-0.000681184214027038	-0.00233775525949545	-0.00258283635835583	-0.00370188387995592	-0.00391039761561224	0.00562202966717228	-0.00375593856310691	-0.00411294532782946	0.0091866261791753	-0.00111582254922657	-0.00186404731848612	-0.000771860818828784	-0.00259740549840843	-0.000221084850522968	0.0113593634744377	-0.000393810831153747	-0.00221695154423899	-0.00405200446070601	-0.00244829122867235	-0.00299343697435163	-0.00432068484019085	-0.00257855100565739	0.000240513027716619	0.00217092671011776	0.0113889432740365	-0.00282283245866263	-0.00464182363006949	-0.00442371272937865	-0.00443830971322528	-0.00323010153323538	-0.000870245671199299	0.00656171625676495	-0.00363753754160178	0.0105671324018277	0.000899201399969437	-0.000360461042256923	-0.00237802740466233	0.00555147422161321	0.0484232695311441	0.000736919465874794	-0.0024962793839428	0.000850520081721842	-0.00238316820091129	-0.00423827077000201	-0.00388551020717315	-0.00188974034850401	-0.0045456424956359	-0.00247742679775897	-0.00364354319767122	-0.00398763559015543	-0.00416015461008608	-0.00196682240314051	-0.00239259356110819	0.00436149678561435	0.00130820812242687	-0.0036872986398312	0.00309852133361826	-0.00129982995317514	-0.0031066172105809	-0.00325411458802945	-0.00426316596065897	-0.00435502695640281	-0.00445548214430676	-0.00440997499758296	-0.00450099036305144	-0.00423741287721862	-0.00475519059552409	-0.00274739862125437	-0.00498540021978596	-0.00432841153872151	-0.00198395244481699	0.0169353854632009	-0.0029960094502427	-0.00172189221268411	-0.00380828011988069
368246110	-0.00164374499592867	-0.00253796727790113	0.000411100972650199	-0.00077051143951584	0.000791093585053924	-0.000200679563828346	-0.000374156567339588	-0.000324477474059532	-0.00042189755233052	0.000142693129974501	0.000364173082991613	-0.000212321500890956	0.0178779180320243	-0.00237228082091521	0.00643092864148333	0.00818107788225404	-0.00171836194215604	-0.000317104036345747	0.000561176081459575	-0.00250879542452867	0.00136817242516015	-0.00118799851697819	0.0010818065575428	-0.000396280301063206	-0.00141254304208057	-0.000903700119741046	-0.0011778998466789	-0.000327583093308544	-0.0012241245142157	0.00127789233745146	-0.000485943551711828	0.000576298572315231	-0.00098486450985336	-0.0015015203959526	-0.000703341414618222	-0.00126491311252134	-0.00136825207433602	-0.00188743823108132	-0.00199939351888642	-0.00168416210870965	-0.00218601418936065	-0.00219884567752169	0.000855445469675156	-0.00217279407071647	-0.00148092630034032	-0.0016266452099706	-0.00137913063871513	-0.00236644774863176	-0.000761968972780928	-0.00157418391635841	-0.00180075843404736	-0.00225678432545564	0.00500590156861804	0.0019573106680176	0.0178001694098154	-0.00237500393263347	-0.00218329259171694	-0.00264649160426279	-0.00115964281993974	-0.00212535920094078	-0.00227817107769635	-0.000548051834141469	0.00186553484315008	0.010911486666902	-0.00166511864112732	-0.00161071244437912	-0.0012451017563144	-0.000591141946035966	-0.00188432876292856	-0.000437035146048751	-0.00238589245491565	2.04894980988521e-05	0.0129587209357535	-0.00116469304862246	-0.00148792079429766	-0.00119188364658814	-0.00169776437944844	-0.0013235746030987	-0.00183068796263875	-0.000468475419223245	-0.00164102387477958	-0.00161110102103401	-0.00185362028661393	-0.000548439998090499	-0.000868362272242203	-0.0022330641174255	-0.00205148837690526	0.0122771583096209	0.0025120445795187	8.1786641895181e-05	0.00406312665413563	0.00201384317099028	0.000465782101046374	-0.000555427972795491	-0.00101438028539868	-0.00107613402721206	-0.00126025181658837	-0.00137174842183548	-0.000283339154782267	-0.000947970516353062	-0.00173079880768687	-3.7708669176602e-05	-0.000311670014151742	-0.0018897703385413	-0.0010427318636577	-0.00220351235008658	-0.00105321852731519	-0.000775558705296108	-0.00147470990124948
368253732	-0.000104993773875872	-0.00461586380583459	-0.00459744044048958	-0.00469058648913884	-0.00454831145940983	-0.00473416513452951	-0.00474966633212031	-0.00473591991842875	-0.00475142214311432	-0.00474162323733851	-0.00471837121814162	-0.00474893541170997	0.000208356931725023	-0.00468853983427755	-0.0034136133392551	-0.00457302210646143	-0.00462829287090972	-0.00475771049149357	-0.00474089232280678	-0.00471997999449209	-0.0038750818475732	-0.00460738289715445	-0.00438427375722795	-0.00465051900777629	-0.00476178908999842	-0.00472860783922788	-0.00473197140901737	-0.00470491718984268	-0.00474381698402435	-0.00456805053672987	-0.00470564907792763	-0.00419322357930545	-0.00457726190624834	-0.00462478368389359	-0.00443558775037948	-0.00456497943260782	-0.00458413399907075	-0.00469819124341178	-0.0047180792590069	-0.00459787932613403	-0.00459861013614292	-0.00472202771356527	-0.00408141720561606	-0.00449275222230546	-0.00456307899171459	-0.00454962705254538	-0.00465139682585038	-0.00384717468645781	-0.00471281401061052	-0.00469380395502992	-0.00474030739158979	-0.00467859557086405	-0.00467274663846971	-0.0047237824761663	-0.0046946808112645	-0.0046113309146567	-0.00461703352303788	-0.00473738274063667	-0.0039149724081766	-0.0046933650272834	-0.00476278899410769	-0.00472992466945354	-0.00472963170707429	-0.00472217369369848	-0.003082871245261	0.0113487055382398	-0.0040463430762172	-0.00115433716253462	-0.00352417662803678	-0.00305848986604627	-0.00285309597790515	0.00516465467165259	0.0614515340721848	0.0418329449593708	0.0082138233572993	0.0589936750581046	-0.00428399332309456	0.00135308164262947	-0.00434158790279072	-0.00130895541540377	-0.00405905683135916	-0.0044037177294603	-0.00454041593757718	-0.00297075076792076	-0.00432872363293271	-0.00351351391858925	0.105757622548507	-0.00401755387272289	-0.00426235998247032	-0.00466543502118059	-0.00418079992052502	-0.00443266399048776	-0.00460577430193718	-0.00465607586913107	-0.00469585062066509	-0.00471018239666039	-0.00472261263409011	-0.00474732658877607	-0.00469658250211435	0.00841532743249137	-0.00438953727605787	0.0236589715891402	0.0941948149915302	-0.00451658379596249	-0.0034613714414746	-0.00343435157509679	-0.00477068827171879	-0.00476778852965092	-0.00473299528030741
368258345	0.0250174495341861	-0.00227331580854171	-0.00455431576688303	-0.00452525575799048	-0.00450951585538955	-0.00474120225497597	-0.00469881685296341	-0.00471738548414699	-0.00475734964255656	-0.00471254163399767	-0.0046976054109428	-0.00490107327990093	0.0185262763162553	-0.00436141000932809	0.0060329343267277	-0.00310359725524766	-0.00466046922791346	-0.00458579723019071	-0.00459104423709862	-0.00404912789082683	-0.00246018036316812	-0.00424883214406381	-0.00348129970854192	-0.00455149047894096	-0.00479852696098361	-0.00457530329896752	-0.00476784548434549	-0.00457610982863207	-0.00472182553413463	-0.00405396952745314	-0.00466571662664163	-0.00471859695013027	-0.00339824958796299	-0.00363935587440466	-0.00193189681330597	-0.00300486225855563	-0.00323337870586247	-0.00404469082663945	-0.00422906133661645	-0.000921203957179189	-0.00435455050404211	-0.000191582650603237	0.0105362946393925	-0.000888631806992142	-0.00206273353399797	0.0214543279124694	-0.00154592601226715	-0.00304677277311715	-0.00413223208676981	-0.00125383101118549	-0.0021976144249495	-0.00404832178607681	-0.00448126560015238	-0.00472303700549712	-0.00435898894331317	-0.00248072107041945	0.00313340818756891	-0.0044889334333863	0.00395092601874815	-0.00389665380279012	-0.00460678542301075	-0.00455633354904355	-0.00474241374981282	-0.000594315743103139	0.00756767699749568	0.0331585070956807	-0.00294079046434215	0.0403428235515986	0.00397813762515276	0.00979337448647175	-0.000877774327448314	0.0134025737835774	0.142713970470453	-0.00306611706378341	-0.00293031378142572	-0.00219882184511217	0.00189264367455865	-0.00371355381359351	-0.00456521323808828	-0.00383333177572911	-0.00470123874186494	-0.00461889481122442	-0.00462858162779937	-0.00442638030097046	-0.00480781165943779	-0.00273933311255287	-0.00275061385109167	-0.000952572246341442	-0.00268494633577728	-0.00394545936170282	-0.00239010218777829	-0.00341719638357178	-0.00418589142023205	-0.00442839782500144	-0.00462494856085428	-0.00465966163070667	-0.00471294545387309	-0.00474322041426845	-0.0046435158204426	-0.00353250405959371	-0.00455915885066851	-0.000953375859450789	-0.00446714027215274	-0.00490228396869284	-0.00395070300982019	0.00397213569688687	-0.00457732112347668	-0.00300929471134496	-0.00422018563104328
368258351	0.0345013827386512	-0.00265851108035655	-0.0031708598853866	-0.00345690864165139	-0.00284326891660252	-0.00346702892746179	-0.00353475986096768	-0.00347948488128879	-0.00359120481102018	-0.00337906448153496	-0.00338295604619419	-0.00292690705592579	0.0338843705056837	-0.00341253682765911	0.00632567716099403	-0.00160468519560736	-0.00377146255444208	-0.00341409410314704	-0.00362195970325001	-0.0027646938759519	0.00229192616160534	-0.00290940112184152	-0.00158254009772852	-0.00185064740362804	-0.00376133918722295	-0.00354098774081773	-0.00357952673194512	-0.00338451327561735	-0.00368736407574269	-0.00225566401672625	-0.00335376568504762	0.0125126081933912	-0.00251889599218526	-0.00319926693579915	-0.00222534022143193	-0.00292262788804089	-0.0030681358610288	-0.00359860196408217	-0.00370721973175853	-0.00226810489088956	-0.00353164493657558	-0.00356590164618271	0.00546498550376989	0.00181811777516346	-0.00194780543135807	-0.00259006296781044	-0.00274524623375078	-0.00241079539419622	-0.00368853210336945	-0.00374810132300538	-0.00389100317919984	-0.00383687770544256	-0.0030584090415886	-0.00347286779258662	-0.000581464850632731	-0.00250878529715526	-0.0020294255500721	-0.00346391521298313	9.3248893424008e-05	-0.00367218083989381	-0.00329850170741535	-0.00365660817111027	-0.00349894780706228	-0.00274524623375078	-0.000998781362850368	0.0225051137880478	-0.00315685189643361	0.000968649991110275	-0.00271840827010766	-0.00141394134904888	-0.00371967867776919	0.0315839025867473	0.0857066468210289	-0.00162411166612324	-0.00128459812458207	-0.0019318706003799	-0.00227626951693356	-0.00327592955328162	-0.00306229935859407	-0.00191904492155104	-0.00379638220256806	-0.00363013439143308	-0.00365271454223942	-0.00298448590925108	-0.00372162612028156	-0.00356784779019765	-0.00217130482499568	0.00504478212610085	0.0154575334282412	-0.00231786893755372	0.00254499710828929	0.000775646523682137	-0.0019050544569148	-0.00261300790436653	-0.00269584920598764	-0.00306074362939243	-0.00319187273607884	-0.00329616656447907	-0.00301950071290924	0.0038379834999055	-0.0036340279323858	-0.0034588545735616	-0.00346002233431341	-0.00319265170105785	-0.00303973253536629	0.0038051376346884	-0.00298876534184548	-0.00265462233389522	-0.00185103536667355
368258353	0.00634194837084084	-0.00304068420702102	-0.000834396290871863	-0.00175288673293079	0.000995519445154662	-0.00195391939669896	-0.00207686988301709	-0.00209894005667362	-0.00220439116916464	-0.00197668642127049	-0.00168144989401469	-0.00108878641492389	0.0367048767098218	-0.00304384009938385	0.013975420810627	0.00187031747933378	-0.00284013413869257	-0.00204394168621579	-0.00276967126765022	-0.00340858008749001	0.00439964211019614	-0.00141115411045131	0.00229243236691165	0.000303795634163311	-0.00219878540845086	-0.00169965831065593	-0.000454505273478529	-0.00169090374316408	-0.00229829033632988	0.000980501939529351	-0.00166534184236125	0.00168920711032294	-0.00173852851822688	-0.00219072718247904	-0.000660523360943793	-0.00189262444884048	-0.00190838590462483	-0.00273181159778602	-0.00281384169538123	-0.00196372709669224	-0.00336648799096284	-0.00293269055724573	0.00356676600301014	-0.0024924224228127	-0.00173012480298438	-0.00273461596862155	-0.00243845473479172	-0.00319708519250839	-0.00307960657652903	-0.00264908819322261	-0.00296880368800089	-0.00297862134677612	-0.00152948724427022	-0.00236731832573538	-0.00121653077143893	-0.00304909994212127	-0.00311782909838885	-0.00370888958304334	-0.000256571214916986	-0.00357907124901892	-0.00293269055724573	-0.00123928201107949	-0.00155119421043364	-0.000378613731560622	-0.000993251058925717	0.00194045022459491	-0.00180962020990442	0.00253550382339716	-0.00271218222082575	-0.000811304387569692	-0.00201977094603398	0.00434638929121471	0.0532343725041546	-7.79050645409657e-05	2.03304333588307e-05	-0.00136669552751758	-0.00274793683749151	-0.00256987651613147	0.000845686518796422	0.000736702834358242	-0.00281103710235867	-0.00178545513271442	-0.00259160607798699	-0.00193955829525524	-0.00215989630869412	-0.00319182457133638	-0.0025404358649562	0.0156872665956005	0.00705519655782707	-0.000405892414080122	0.00841777286555657	0.00243716636792176	0.000911000378442288	-0.000492277825276729	-0.00171086426888314	-0.00176024102030185	-0.00198404235471891	-0.00194306098390751	-0.0019385074910521	-0.000466745548437882	-0.00249557658539185	-0.00128688528210293	-0.000188387081872098	-0.00190418282545874	-0.00200505960558929	-0.0014020519882213	-0.00197668642127049	-0.00267011942632432	0.00109923685960146
368258369	0.0052495792151722	-0.00332669443694604	-0.000192348817187444	-0.000537777177554588	0.00392316326399438	-0.00202850864329877	-0.00213156447698424	-0.00201963649249808	-0.00230528123968182	-0.00196197192543856	-0.0017214518779858	-0.00111171161362823	0.0481748947870064	-0.00344867785680518	0.0139238760803034	0.00102013525406553	-0.00298166693576476	-0.00283617708119126	-0.00302504532598875	-0.00337042853226861	0.00675555323938326	-0.000339499699019305	0.0042714621348251	0.000444030619008643	-0.00187394530234666	-0.00101898773691313	-0.000554472960574024	-0.000995125764453681	-0.00189100364057017	0.00392214550948624	-0.00146223290319508	0.00022548116123109	-0.000439996462200272	-0.00113932606877458	0.00154422745852137	-0.000513246161508347	-0.000576961293675952	-0.00196197192543856	-0.00223906745261694	-0.00157955547267806	-0.003208483362488	-0.00314870024636645	0.0051039056943511	-0.00296732175616171	-0.00172861551151496	-0.00282183398849952	-0.00334446102636811	-0.00351189673475163	-0.00231449729915922	-0.00250599854354469	-0.0028662291340185	-0.00284027471744896	-0.00249575641061156	-0.00305510405422531	-0.00088605199052556	-0.00363595370051248	-0.00332703615679548	-0.00398701811860301	-0.00138107034860645	-0.00372208443913953	-0.00315894807004184	-0.00168256504712207	-0.00188110903063267	-0.00151100201751997	-0.0028662291340185	-0.00217592898778236	-0.00169313901900482	-0.000159992532926391	-0.00290721147872943	-0.00216500858657757	-0.00361442192507984	0.00645481013561148	0.0501897473263588	0.00403204114213353	-0.00135003876133423	-0.000688386093815897	0.00371046081131894	-0.00267739087934274	-0.00294170630389364	-0.000855718509805196	-0.00248483251622373	-0.00198995113361567	-0.00231108456236906	0.000313996405255428	-0.00175522345746318	-0.00279997819528031	-0.00209266069723225	0.013857044446817	0.00322653887711383	-0.000700994498642594	0.00659386042835321	0.00222503509779111	0.000218671971770567	-9.18769374616996e-05	-0.00143972465321974	-0.00153965082968857	-0.00166857964472766	-0.00157512087986528	-0.00221893109819673	-0.00227490467888888	-0.00306671744170341	-0.00243908863187346	-0.00298030152789786	-0.00285700898707982	-0.00259715405471748	-0.00204795859719616	-0.00328740342795097	-0.00305612793682784	-0.00244386747758326
368258383	0.0350560873565303	-0.00216401077100569	-0.00412695987799807	-0.00416422145850281	-0.00352612956864964	-0.00425496383949557	-0.00420745829944524	-0.00420774200930217	-0.00434628295278144	-0.00431498910225474	-0.00433803227928872	-0.00419977718534929	0.0690966793539648	-0.00228012401314483	0.00957749404352262	-0.00264359456982286	0.00944646297634231	-0.0039355534156793	-0.00353238292579227	-0.00341157746111529	0.0240199145070157	-0.00091062744278682	-0.000196409131349821	-0.00271374837329055	-0.00409538821314458	-0.00403310085189785	-0.00322684374027652	-0.00406467055026562	-0.00426804916354599	-0.00316603151648487	-0.00402456810518327	-0.00201697308604081	-0.00116781443053415	-0.00165855390615632	0.000885002145130263	-0.00102716184684086	-0.0014877605716809	-0.00274357168905948	-0.00316972589129173	0.00087934184638722	-0.0041616611912821	-0.00320979307109078	0.0126077529732079	-0.00143272741113921	-0.00262513354558447	0.00284012320791721	-0.00336951189962231	0.000627144266954271	-0.0034289150602185	-0.00287992159514768	-0.00363642959203285	-0.00295293250162872	-0.00304072425025459	-0.00359236482980839	-0.00392247144299809	-0.00320979307109078	-0.00146733535523615	-0.00405187155284064	-0.00135103354419046	-0.00418071900671207	-0.00452752419861225	-0.00437416369911299	-0.00438895814526395	-0.003980201592644	0.0016776900160146	0.00548158863277764	-0.000743080760391715	0.0101544464515211	-0.00323707428133768	0.00522914002428671	-0.00384882050428739	0.0129718751740937	0.048412293580766	0.00283955878103956	-0.00339338673088719	-0.00149882415571291	-0.00378797044609173	-0.00409055271318007	-0.00481382109003449	-0.00262087366451081	-0.00398702708183906	-0.00434059299810694	-0.00325782011596996	-0.00352612956864964	-0.00447630649034244	-0.00380503097652321	0.00326090059203014	0.00736926838601614	0.00544778211464263	-0.00282282256001119	0.00935357982444932	0.00109639011847389	0.00186770577027987	-0.00284441176732012	-0.00354119499464493	-0.00368532981358477	-0.00386616668449588	-0.00370523125194165	-0.0038917590911773	-0.00432978167386917	-0.00312539728807411	-0.00229715784101025	-0.0045693536898958	-0.00421343120810873	-0.00455114188686799	0.00459943133267444	-0.00405272454788634	-0.0037990595081212	-0.0046663932951834
368258393	0.0813490195874653	-0.000749263529103921	-0.00400146191440399	-0.00417763368132121	-0.00348280152702699	-0.00453974435176391	-0.00453559776943919	-0.00455114904059961	-0.0046361687299284	-0.00456773772942139	-0.00449067190125061	-0.00451693636344141	0.0747480982380191	-0.00173508215785867	0.0114605364412842	-0.00318767914271391	-0.00452453896841513	-0.00450967852243783	-0.00458709154752278	-0.00282467715584676	0.0136467094046726	-0.00144977653826636	-0.000603986736389931	-0.00287573776418808	-0.00440704725923873	-0.00414308720300658	-0.00403047684629349	-0.0042294536388953	-0.00444471200108997	-0.00299028923401843	-0.00416692342626234	-0.00394999828299878	-0.00281881207093382	-0.00322944013498193	-0.00178953382020623	-0.00296337549219028	-0.00310209306843076	-0.00392720374147893	-0.00412650555702635	0.00032913274653131	-0.00401735141504411	-0.00377179590329626	0.000936980984523912	0.000922545091487184	-3.23828312599123e-05	-0.00162963383673969	-0.00310726937301575	0.0131463664649043	-0.00367372874600623	-0.00372932238275249	-0.00418385133515411	-0.00361986518776283	-0.00380874579918279	-0.00417590572977163	-0.00453283305771778	-0.000224372483172033	-0.0014074015255573	-0.00231869475258796	-0.000226436853000112	-0.00391718716922433	-0.00393134780180976	-0.00433794164212196	-0.00433137638736311	-0.00395725206305374	0.00369892708173896	0.0050556515115289	-0.00184571137800954	0.0137142391800845	0.00405327061449886	0.000918077246195094	-0.00222008115344995	0.00710488554103353	0.0426638471320102	-0.00158621711292071	-0.00268220322811956	-0.00194739044932918	-0.00344379264594397	-0.00309208475750675	-0.00427056691458665	-0.00213112999852786	-0.00461508625063801	-0.00454458238593524	-0.00395897863822316	-0.00380563763413091	-0.00462925577016734	-0.00382255942826261	-0.00266806127035348	0.00380311829292947	0.0063055918936682	-0.00357601658763866	0.00333108478995876	-0.000958952236397249	-0.00317732572786023	-0.00354943245080687	-0.00425882080540694	-0.0043002799225188	-0.00442397923344735	-0.00438182266603679	-0.00442294220672393	-0.00361986518776283	-0.00383430141262979	-0.00288160318298575	-0.00342653192876628	-0.00478099513239963	-0.00356324249826783	0.0197396527715418	-0.00389957378300654	-0.00379147977998777	-0.00301616813132955
368258417	0.000355401947054065	-0.00322705646915689	0.0027380659076723	0.000241143371670215	0.00417143191807928	-0.00102099054831819	-0.00143007634126782	-0.00143560490530746	-0.00160868906092656	-0.00108455335286557	-0.00063251444141065	0.000123006473787687	0.0349039182967285	-0.003093569820612	0.00874882471780352	0.00316196224969973	-0.00176023039513603	-0.00120616375767513	-0.00136372597988523	-0.0032176397770346	0.00656861895701465	-0.000548539257766157	0.00475794163335815	0.000216854495748286	-0.00193613592293825	-0.00135322139190169	-0.00148924084675163	-0.000979538765290565	-0.00174419034224414	0.00180706604050265	-0.000496059220989772	-0.000772857014680298	-0.00133552875851651	-0.00186919997709416	-0.000428666396699185	-0.00148758248471213	-0.00166344005456054	-0.00242529411959203	-0.00256644192298448	-0.00170215466738386	-0.00285101147384056	-0.00246514489357002	0.00407575443963302	-0.00250278385979355	-0.001668970906912	-0.00235832442588914	-0.00255094230816586	-0.00306864674422492	-0.00230519509020448	-0.00200473656496565	-0.0024042617410824	-0.00281003728356051	-0.00112822083735425	-0.00193226368788974	0.00244343518521591	-0.00312181565871248	-0.00229246667881963	-0.00349907132060319	-0.000839167184810392	-0.00332621449239204	-0.00250223051158346	-0.00133221154931236	-3.32424763864447e-05	0.00353231069891251	-0.00202133387947532	-0.000913771756383863	-0.00286485509271779	0.000249422811019845	-0.00309246147107202	-0.00101048955999312	-0.0027253255788319	0.0036307910045616	0.0321830250825347	-0.000191725122264399	-0.0016529323177486	-0.00116525690692343	-0.0020384855591711	-0.00256422739219181	-0.000587211727767177	-0.00120782265061723	-0.00248285752430889	-0.0017862267860685	-0.00262235220954353	-0.00116525690692343	-0.00114148803118474	-0.00292133664570444	-0.00264892545053968	0.020123656452112	0.00447270056019074	-2.32191301587337e-06	0.00861307706249394	0.00408895259600212	0.00152318639545039	-0.000166874263043369	-0.00143836969766983	-0.00142565231474446	-0.0016208549131674	-0.00171985378859347	-0.00141569982323453	-0.00171930087344656	-0.00240592262273332	-0.00110832187278518	-0.00130733233220877	-0.00204899734807742	0.000249974638395386	-0.00239540608253755	-0.0026777131759151	-0.00248617855264961	-0.00136151510862463
368258423	0.00254698287022945	-0.00336870211067673	0.00226048385173706	0.000132722795207022	0.00371731000944731	-0.000781593852910348	-0.00102540017174586	-0.00106248429688252	-0.00120328725377844	-0.000534238808591873	-0.00018135662208265	-0.00102704059191337	0.0484322257038964	-0.00298292146791525	0.00976083208813301	0.00743619054111846	-0.00205279304474754	-0.00158969490150504	-0.00184388021095271	-0.00346278561541191	0.00569274066523006	-0.00059623605453919	0.00456062422700073	0.000384439517941681	-0.0014284829411197	-0.000776015810174232	-0.000817356874713424	-0.00030399882004223	-0.00136807505798468	0.0038721175996024	-0.000250217386525581	-0.000564745051988786	-0.00122692074825998	-0.00179395791918796	-0.000137090708799439	-0.00126828045827806	-0.00146065760879886	-0.00235901615135061	-0.0025979477932307	-0.00195884309549565	-0.00287507497569367	-0.00234850051999308	0.0054351834398291	-0.00273962442234609	-0.000303014282522039	-0.00221115042777955	-0.00246187765817983	-0.000164633624866918	-0.00235178670532226	-0.00194701712726258	-0.00234258521390763	-0.00300561085658205	-0.00094237449291539	-0.00176571343712489	0.00536899031427596	-0.00338350462438584	-0.00319338860430685	-0.00361774616110378	-0.00262391452956724	-0.00313715011080724	-0.0033956764550642	-0.00124333336436173	0.000582359108995462	-0.000576882621304532	-0.00254732967754766	-0.00188493708069686	-0.00312268001580383	-0.00122757704824874	-0.0032420655613562	-0.0015594866319172	-0.00336837325726572	-7.41386052418887e-05	0.0232229140487258	-0.00121018025708092	-0.000697276507577239	-0.00173385726926282	-0.00174699300050316	-0.00270642267095281	-0.00211652771797849	-0.00197493833519661	-0.00289019888032062	-0.00218716519613965	-0.00307400886959159	-0.00199629025574872	-0.00147707306394783	-0.00328054827880185	-0.00278466301446152	0.0184667950057747	0.0065396040800188	4.94586015370935e-05	0.00957056523000128	0.00291577896723364	0.001447963657857	-0.000547031861138762	-0.00141863351569476	-0.00149513197214577	-0.00173024479878558	-0.00182450161867272	-0.00154306882613573	-0.00161169614780034	-0.00277019801904439	-0.00130012179786307	-0.00220786470457377	-0.00324107912637362	-0.00220063635120022	-0.00131456554410349	-0.00232582603569141	-0.00325259059336295	-5.57785705713774e-05
368258431	0.000308145617269067	-0.00347113601013938	0.000374047244162578	-0.0014823065393407	0.00119353322488376	-0.0013470052665363	-0.00156402034983845	-0.00148622868959884	-0.00171242738953534	-0.00126465580439399	-0.00102614399101868	-0.00151629835413525	0.0335547671641811	-0.00291292191143538	0.00984719552348278	0.0061161865036009	-0.00230889714057583	0.0010272772711619	-0.000958521918961799	-0.00261511713234841	0.00375299436534805	-0.00156859640092224	0.0019172411309714	-0.000455579667237715	-0.00229908322466386	-0.00167744892839003	-0.00199197869312646	-0.00158134379711798	-0.00207144398064177	0.000746861240737549	-0.00133229957932478	-0.000771032407200688	-0.00163233700271701	-0.00212736726571383	-0.000885024202517236	-0.00172387025243301	-0.00186478109055119	-0.0025961396355313	-0.0027293203431424	-0.00179939084253344	-0.0030143923004335	-0.00249503926825172	0.00515203423260532	-0.00235502024049338	-0.000870652368214742	-0.00206850089410982	-0.00236548780811485	-0.0027986987310866	-0.00261675329531374	-0.00203579807514321	-0.00250976206441988	-0.00300588149802965	-0.00174708172258164	-0.002288288827242	0.007180509337689	-0.00309230193521684	-0.00207079007158986	-0.00356120002202396	1.28421265097833e-05	-0.00321147005957895	-0.00236516125669639	-0.00125223863256839	0.000648371083085637	0.00458563621672219	-0.00155029132441255	-0.00095231521414358	-0.001741196469109	0.000629128489135651	-0.00260006615685264	8.72477345678809e-05	-0.0030147200632051	0.00345285281249274	0.0388805832136654	-8.34357170882342e-05	-0.00220520881912135	-0.000475170447455928	-0.00195600820402086	-0.00269954084238171	-0.00310736132059028	-0.00146890688994824	-0.00276008177034669	-0.00243157022832225	-0.00248620529509514	-0.00160226384878738	-0.00212933010353682	-0.00262427987921186	-0.00244105786963541	0.0213769504217169	0.00733926570439144	0.000615103773091566	0.00984105548760132	0.00510495551541628	0.00258834356520223	-0.000255453751407122	-0.000963095200086408	-0.00102745044405481	-0.0013064830968144	-0.00159343775883072	-0.00108952388972283	-0.00255883895131944	-0.00222221687291064	-0.00223072100828405	-0.00179579482731288	-0.00224969157157167	-0.00116238332321097	-0.00235142222666945	-0.00311292682473856	-0.00235796417039839	-0.00322947773636606
368259698	0.065844225689368	-0.000191621186912543	-0.00440723668501718	-0.00442521038431028	-0.00416267262053459	-0.00422830059994167	-0.00426033503490112	-0.00437597880355975	-0.00441661414007381	-0.00429705867408942	-0.00428846353140125	-0.00419939267331312	0.0214908633698027	-0.00447366205316267	0.0123012183103898	-0.00336766887376528	-0.00393300960316149	-0.00436191422455744	-0.00370183685220545	-0.00402205673638452	0.0158423407640178	-0.000336370084951998	0.000918199317725381	-0.00239000813397693	-0.00353317769959787	-0.00394316353382446	-0.00294621365008191	-0.00385568612975976	-0.00417282988231036	-0.00275271581464876	-0.00372526412311401	-0.00370105611902404	-0.00306950990451084	-0.00320999189981503	-0.00175539202285847	-0.00271838973736121	-0.00303985523910366	-0.00381195029717099	-0.00402518067539507	0.000276722260633263	-0.000278779635605699	-0.00391426384862328	0.00507509030210291	-0.000440664203575667	-0.00223404539959275	-0.00369168537164878	-0.00321701706649869	-0.00251635605148295	-0.00186217313928197	-0.00272385051204598	-0.00329038810245983	0.0159242766736645	-0.00361828488726366	-0.00380257851058187	-0.00416345471304041	-0.00146083024416262	-0.00360501062010309	-0.00318579636607316	0.0017806287955711	0.000216829763059239	-0.00431971867739353	-0.004434588007917	-0.00444318440666317	-0.0045432183908939	0.00441226329823096	0.00806164773480309	-0.000266327679268884	0.00323497168206061	-0.000834589290200526	0.00130910418686391	-0.00161667242301337	0.00677583182988767	0.112834368305588	-0.00082680334362604	-0.00265286077233633	-0.00262867871476212	-0.00374010151216183	-0.00398768706068659	-0.00316394335378546	-0.00328804686823876	-0.00448304013114404	-0.00421111256924492	-0.00449319964834347	-0.00281669023943961	-0.00439785931789628	-0.00301644401976539	-0.000724025770209253	0.00416358973689726	0.00324350232934495	-0.0038408470256515	0.00363117437403918	-0.00196116987874049	-0.00323731049563391	-0.00308823983003752	-0.00414939212393386	-0.0042462710833501	-0.00431893646266555	-0.00420720592200572	-0.00445021724297645	-0.00370339931877924	-0.00394238261220842	-0.0034527619760067	-0.00425642819536285	-0.00457760716565658	-0.00437988611019188	0.00823682379986434	-0.00338718487223332	-0.00396425364119008	-0.00141642007346242
368259701	-0.000440552909140526	-0.00329876820938295	0.00271943030795536	0.000890408654121864	0.00315167917163173	-0.00149405347374219	-0.00159245285272375	-0.00150266262122442	-0.00171546594347859	-0.00121243740679525	-0.0011644847382476	-0.000928442124658922	0.0311580862128095	-0.0031595436546587	0.0092468996029548	0.0111542337947985	0.00121919261063017	-0.000108874648167232	-0.000894023752694516	-0.00310903366114484	0.00241931744526428	-0.00125793306425233	0.0020002346158367	-9.04506943440289e-05	-0.00154694197386927	-0.000929671872820284	-0.00139443345489865	-0.000327523576915537	-0.00110423964504572	0.00313576338336547	-0.000809212605194625	-0.00118907581888046	-0.0014202595446954	-0.00190001445634494	-0.000574483137629443	-0.00150389307573571	-0.00168102147135312	-0.00233814635018226	-0.00251911570105095	-0.00162443506012378	-0.00257082767387326	-0.00230121754735329	0.00287373877465176	-0.00284174161211992	-0.00171300551339919	-0.00214490121931743	-0.00233568438756572	-0.00309425058475429	-0.00137967570366909	-0.00214243973241684	-0.00245386443190273	-0.0031164252812934	-0.00200337706121523	-0.0026016093802134	0.00528691310859328	-0.00325564283290704	-0.00257329021547257	-0.00345403216596411	-0.000599059713586276	-0.00324085858870985	-0.0029205663048248	-3.51828623826308e-05	0.00357395151204354	0.00124495062445782	0.00106217499699648	0.0012290054551237	-0.00108948617577141	0.0026728878603451	-0.00259668416360339	0.00235070822468163	-0.00268657268572173	0.00154051122578101	0.0229918486643367	-0.000255044596153368	-0.00216582460190417	-0.00178436044363091	-0.00274445021587379	-0.00240708276559018	-0.00236276531092773	-0.00176098549102066	-0.00271612700576817	-0.00243785943191772	-0.00289593360793703	-0.00160967391422253	-0.00190985805366353	-0.00252404053563335	-0.00229137009691448	0.0190908458591893	0.00584015695014726	0.000492779757458527	0.00744685486463533	0.00302924733131073	0.00162143830676619	-0.000180114206820785	-0.00111407541215494	-0.00107473292415863	-0.00141288045128692	-0.00154694197386927	-0.00100588729441474	-0.0024661757604743	-0.00279986799034266	-0.000792006320081194	-0.00109809184096335	-0.00228029133172635	0.00186662991119537	-0.00280479420778105	-0.00273706134470237	-0.00186187193107285	-0.00228767682864121
368259706	0.0169603984211582	-0.0033807859737582	-0.00358393942038357	-0.00372128283903084	-0.0023523725330354	-0.00383320487084996	-0.00393694294567424	-0.00396577680674318	-0.00404804180433605	-0.00394966331162772	-0.00376084964123642	-0.00373258705182413	0.0349413772222924	-0.00376989375863894	0.0125459851298607	-0.00271086974493662	-0.00422107466878467	-0.00402033662329105	-0.00410826085529376	-0.00286955336301097	0.00547787061478778	-0.00200782725121163	-0.000481520630511332	-0.00246752933755581	-0.00378572166038231	-0.00360202453723144	-0.003483064066171	-0.00355822552009894	-0.00383942351730547	-0.00225472523677005	-0.00348617179673964	-0.0023213268865014	-0.00196917629937251	-0.00266005124393742	-0.000661263581907095	-0.00211024723277127	-0.00223468865636089	-0.00334292863660958	-0.00352940340774356	-0.000462646582546161	-0.00366391270771835	-0.00357122370569166	0.00225064714760614	-0.00201826651509905	-0.00175788783542231	-0.00163519826370412	0.000166750248485572	-0.00285486969020373	-0.00283595079475988	-0.00382076869291602	-0.00411504579298403	-0.00373682628942665	-0.00376621976337469	-0.00403192698359989	-0.00357037579738519	-0.00214297872508798	0.000291737850562027	-0.00406952763673768	0.00125423720157633	-0.00380833266963879	-0.00369273869723251	-0.0037713072215327	-0.00415745619411912	-0.00317965146711597	0.000162245926012693	0.0227622791819814	-0.00244212544779253	0.00695980979479967	-0.00200782725121163	0.000528721195583851	0.00440225882136578	0.00678671330276298	0.0944538720181178	0.00706829424271226	-0.00119053759423204	0.00874272237021384	-0.00359382986539843	-0.00340706049122123	-0.00414812577153046	0.000982265300467345	-0.000753965083290135	-0.00294664493518947	-0.0028639056174909	0.00620568372826842	-0.00260923532532716	-0.00338813214468335	-0.00220251866127542	0.0123201764400654	0.0152023502751227	-0.00286870604944746	0.000567555702445076	0.00102445828775289	-0.00278004349360539	-0.00312485398927272	-0.00361841508112008	-0.00377102452879399	-0.00386542736874403	-0.00386825456660933	-0.00371760802349744	-0.00325902633289874	-0.00409666861097962	0.00104077191530824	-0.00422135748877772	-0.00398980466027507	-0.00270409432777558	0.00112936984961726	-0.00360315511758103	-0.00293450223399738	-0.00382783438898251
368259707	0.078537939471903	1.38201309352534e-05	-0.00212258541667497	-0.00240169898504222	-0.000915096614400301	-0.00329066932083943	-0.00334748066145779	-0.00330927384306544	-0.00342788693333337	-0.00320761582066671	-0.00313088182353061	-0.00309999017598179	0.0487246044059667	-0.00303422404033654	0.0151253535766314	-3.28703508518415e-05	-0.00314284013685043	-0.00328169924650841	-0.00322854456872369	-0.00261282855300511	0.0077310521397136	-0.00140806334601246	0.000778103860470793	-0.00164850208155618	-0.00312224568568037	-0.0025500822674017	-0.00254974995429739	-0.00261216388520302	-0.00305913494648173	-0.000265360800559122	-0.00290569462431981	-0.00234859106157108	-0.00204991539867051	-0.00263241649153219	-0.000980722529846877	-0.00221118925682823	-0.00239008179112231	-0.00322057166067341	-0.00339964487328354	-0.000863725349083461	-0.00339565772917064	-0.00347241204709028	0.0142697891587635	0.00316054624979868	-0.000698692232409242	0.000724500275724868	-0.00200512144313844	-0.00154933560696866	-0.00260519188589781	-0.00130659940020463	-0.00243389617010553	-0.00287314982474345	-0.00243987114295573	-0.00290967981535404	-0.0029468760303234	-0.000449205410859863	0.000773802112731508	-0.00256070536762066	0.000664275868504068	-0.00339100641405675	-0.00354452122640654	-0.00303356009080701	-0.00305979991143793	-0.00196298444071897	-0.00202569290035703	0.000671225061934406	-0.00198355503112736	0.00269006017396515	-0.00323784670799997	0.00020055926592989	-0.00325346031610022	0.00332689683052263	0.0276814015067113	-0.00162064223399156	-0.00259656028676576	-0.00162727536567607	-0.00285953465107265	-0.00360267664359862	-0.00371334770455782	-0.00258394485313395	-0.00377782863283536	-0.00315214048038403	-0.003488030316934	-0.00318868166270351	-0.00340462882578066	-0.00353820700793067	-0.00291067611559401	0.00688985371817206	0.00394386962918344	-0.00259224401614878	0.00480830947814688	8.07055790070678e-05	-0.00181866908736461	-0.00248435228594436	-0.00325910863757456	-0.00341326740268541	-0.00350697114260673	-0.00345413710320607	-0.00335146761348603	-0.00304584971826821	-0.00371600730951975	-0.00285289234239924	-0.00352026249837721	-0.00367878247530589	-0.00324482311958502	0.0162894015178537	-0.00365850966550632	-0.00312257719057808	-0.0033591099818017
368259710	0.144077858011973	0.00156797873497147	-0.00453276659638695	-0.00466077403987464	-0.00259537625807796	-0.00478528979498789	-0.00489578812520777	-0.00485544566929857	-0.00500805309100911	-0.0049817400461537	-0.00478178173091661	-0.00436094829304318	0.0820942470996426	-0.00207225868535962	0.0102474049438264	-0.00367747033172174	-0.00540108075248665	-0.00525543176045593	-0.00522560258422307	-0.00507471650307877	0.0198314339485075	-0.00106528455000332	-0.000174539593304471	-0.00389648299367019	-0.00482913663964988	-0.00472741430438596	-0.00446438682625342	-0.00475372065791963	-0.00499928199912653	-0.00392276749722304	-0.00426628504646465	-0.00408399563150083	-0.00330613447543024	-0.00361615494200834	-0.0014672536407524	-0.00305748648276774	-0.00319756190362607	-0.00423648536063625	-0.00453627378700463	0.001852005651618	-0.00437146609720256	-0.00448016620457407	0.000490382861028638	0.00338748913591266	-0.000618066648308309	-8.20166078063014e-05	-0.0021369772703085	0.00155577916704241	-0.00483089075321103	-0.0049185913634495	-0.00517296573729763	-0.00391400591927482	-0.00440302316894006	-0.00470987711981364	-0.00520279334343439	-0.000577896394144923	-0.00178719610677134	-0.00109324231072607	0.000870638466282656	-0.00476248959621634	-0.00472215351624835	-0.00467304983351169	-0.00526420509934923	-0.00255162624865863	0.000872382607179982	0.00219691091034464	-0.00412781173673252	0.00110430141781219	-0.00395606199393286	-0.00167704071855134	-0.00418039459561707	0.00213943479567819	0.041595524711884	-0.0029716997889972	-0.00367747033172174	-0.00237839815542223	-0.00390173943991165	-0.00481510583974834	-0.00479756711725921	-0.00434516979733864	-0.00532211166622126	-0.0047572286235523	-0.00478353576141411	-0.00499928199912653	-0.0049905109841751	-0.00427154343691496	-0.00322207774302571	0.0023519059632569	0.00212201731937136	-0.00448717923057495	0.00661440693367928	-0.00182042057131918	-0.00346726321375471	-0.0038684457537989	-0.00492736174761289	-0.0049571820287608	-0.00497647791989561	-0.00505366520796443	-0.00510805037529337	-0.00466428167946834	-0.00537651243488451	-0.00353207214735203	-0.0052659599762368	-0.0042768018550162	-0.00467831036333101	0.0341453894235511	-0.00450646605463031	-0.00407873722897936	-0.00385968465177963
368259718	0.0258822261413744	-0.00222540520079811	-0.00279583842628606	-0.00296645870292078	-0.00166675345120732	-0.0030424582563157	-0.00284745149767658	-0.00259944662031261	-0.00289046492501916	-0.00292344200677135	-0.00293061199364596	-0.00276429891566043	0.071978767065023	-0.00122578187463371	0.00990707276555108	-0.00140615533619891	-0.00289046492501916	-0.00277720127709937	-0.00285031946811466	-0.00294351650110875	0.00624539490657759	-0.00204918093138143	-0.00135461659903133	-0.00243748828346131	-0.00309982042316761	-0.00298509937969291	-0.00300804253553863	-0.00269262027454504	-0.00294638374802973	-0.0017512467278959	-0.00291770665369399	0.0039496623613711	-0.00115421342359649	-0.00173835759681992	0.000470430823439233	-0.00100823117959151	-0.001364638061484	-0.00236583306302129	-0.0025621799887195	3.73545522178049e-05	-0.000750666550438667	-0.0025277807928123	0.00291101292081978	-0.00111413760743062	-0.000500319830078627	-0.000232876739994019	-0.00123150753210162	-0.000121343263764115	-0.00299513719537765	-0.00286178943420474	-0.00312706885494561	-0.00182428993870033	0.00124749631671707	6.02279441258655e-05	-0.00210935199450498	-0.00222253902203333	-0.00170685142046858	-0.0031944756923868	0.00549068960065078	-0.00279583842628606	-0.0026467489600138	-0.00322316072486689	-0.00308261142761549	-0.0026467489600138	-0.000908058775549826	0.000440421950717283	-0.00114705715937103	0.00171430151833312	-0.00243605538835205	-0.000879440074083041	-0.00297936367297898	0.00398241456117182	0.0301694302110718	-0.00109696274928755	-0.00168393809829752	-0.00128733465987195	-0.00129878671247974	-0.00173692570314078	-0.00278293582438308	-0.00104257814301094	-0.00277863466111876	-0.00298223202176266	0.00423585041550106	-0.00160947342695591	-0.00084080687394922	-0.00276573228118577	-0.00277720127709937	0.00336421904459	0.00197687331242594	-0.0022397332228392	0.0107023023788523	0.00261018670737578	-0.0015092407799427	-0.00233144062051151	-0.00252634676969516	-0.00279727183701979	-0.00283884963358298	-0.00278867040455224	-0.00251631465712832	-0.000344421660881961	-0.0013503215748027	-0.0026080474240358	-0.0028890303817103	-0.00298223202176266	-0.00280300649940067	0.00202823799163452	-0.0014505382933906	-0.000692008575889111	-0.00160660901301551
368259737	0.0200238429184716	-0.00233455059655627	-0.00313664549916653	-0.00326185686165523	-0.00265318320802709	-0.00358078512732461	-0.00358991341425225	-0.00353108847098085	-0.00356455760038676	-0.00354325893388447	-0.00354630157275432	-0.00360766376556482	0.0671802402764559	-0.00150981845440374	0.0205729703806893	-0.000902716063499721	-0.00338759126354985	-0.0033728869294153	-0.00336325427459191	-0.00383234997067617	0.0126410873622326	0.00179846480270429	3.04902603113388e-05	-0.0016069896877469	-0.0028533304508189	-0.00226313861221435	-0.00149362449908674	-0.0028163386153554	-0.00319139214943536	-0.000697396817214432	-0.00309153278939382	-0.00327960039212059	-0.00164798563696213	-0.00161913675584982	0.000439189417183345	-0.00118041949991799	-0.00139241647508072	-0.00254932508504514	-0.00281431133582569	0.000134575626035097	-0.0023831751195952	-0.00192994710584111	0.00797290199968726	-0.0015877574639897	-0.0016657015515171	0.00316193869448459	-0.00224338698561134	-0.00164241838414941	-0.00353565237721188	-0.00275958632312439	-0.00317821245921683	0.00172078421504713	-0.00341294259062998	-0.00382119014867545	-0.00327351674636536	-0.00158522622741503	0.000638174494070753	-0.00393025379623193	0.0162251830636696	-0.00209703518843376	-0.0035113127835323	-0.00330697725603614	-0.0034372807888969	-0.00304794267730401	-0.00113387729530281	0.0152646746006229	-0.00184793277041298	0.0057270818458911	-0.00305858668036916	0.00199717862129432	-0.00327453135050542	0.00382712371350563	0.0445167004911931	0.000751789728542895	-0.00301347749182443	-0.00200082964007119	-0.00206766566202064	-0.00267598292247139	-0.00409919863070195	-0.00274843846648903	-0.00398859456092775	-0.00395663318156743	-0.00352449686467	-0.00318987136867809	-0.00395764747972839	-0.00347987306242123	-0.00162925909298795	0.00744389463644965	0.00364035291619128	-0.00261467886923268	0.00321633863318518	9.21342225721835e-05	-0.00192336504786622	-0.00257516211713219	-0.00336832376596815	-0.00339164715304593	-0.0035275394464541	-0.0034580698027274	-0.00351536917486137	-0.00337846482328172	-0.003435759634151	-0.00286397238262166	-0.00370351651187579	-0.00415907150598516	-0.00358687064268463	0.00295640308840135	-0.00307936782293129	-0.00235633037106847	-0.00382423363330843
368259760	0.040630360938684	-0.00273568623602537	-0.0038407673057192	-0.00392475102241995	-0.00316608729527597	-0.00416824338814937	-0.00413695404301462	-0.00424851379245023	-0.00427164435847356	-0.00424987463426504	-0.00420735769525405	-0.00419137209752587	0.0832943640934858	-0.00127465588087297	0.0214720688304161	-0.0020658247520502	-0.00374523024605151	-0.00392645102491538	-0.00389380888506986	-0.00315963181200632	0.0163694752294677	-0.00132484877695316	-0.00112612620638571	-0.00290959075633114	-0.00408015837566849	-0.0036826780009596	-0.00365310238423565	-0.00367519863649608	-0.00401384323642188	-0.00234145629017443	-0.003996840856909	-0.00343182627920488	-0.00180384126492365	-0.00247488564894888	-0.00021915554463457	-0.00179739456959486	-0.002067521597299	-0.00330234584089711	-0.00352223443828935	0.000888024221581055	-0.00379214774678809	-0.00369389615395	0.00338905033451816	-0.000588148579808673	-0.000264552467168011	-0.00165082419850708	-0.00241614776963363	0.00342854287037018	-0.00363338612520748	-0.00356064353207235	-0.00396317557990898	-0.00300165014231665	-0.00380744684326816	-0.00420021509878817	-0.00391897083578908	-0.00262327564773584	-0.00199828626860754	-0.0035218939759112	0.00302037281326606	-0.00292997227348725	-0.00394821370934299	-0.00408015837566849	-0.00370919374733171	-0.00346819222938805	0.00703540601635898	0.00200648538676676	-0.000765069272353681	0.00627737724107464	-0.00176923212818042	0.0055288784963043	-0.00349164420653446	0.00935571292230756	0.0389312984231175	-0.00113731671210137	-0.00350184084647964	-0.00208890388872345	-0.00317933873249196	-0.0029917988831675	-0.00465438651123397	-0.000402788030259955	-0.00430667994185114	-0.00433865607892052	-0.00378364790602078	-0.0039118302988496	-0.00436076748470937	-0.00212488204409877	-0.00276455531993411	0.0113696449658082	0.0157855364266856	-0.00226846757537278	0.00513841277252874	0.000586802692867255	-0.0021221671367528	-0.00265825352611662	-0.00361197078405168	-0.00367485912061132	-0.00380846652503335	-0.00367587866718812	-0.00381730713961249	-0.00377174864978975	-0.00411688757701635	-0.0024249750864415	0.00202034445124357	-0.00416416220057228	-0.00414783761682321	0.00410373495390632	-0.00382886637106458	-0.00309201941657553	-0.00447439392728513
368259764	0.0753582285222796	-0.00105364536122684	-0.00363322366554531	-0.00380297571205642	-0.00287769221472626	-0.00388305786864404	-0.00405765932235297	-0.00392470380402946	-0.00404484406840456	-0.00404324142384286	-0.00388466025650879	-0.00306812190042095	0.0570929353568619	-0.00254972555906843	0.00957007330488307	-0.00280729047082716	-0.00404965001917964	-0.00409130189397109	-0.00409931153075531	-0.0037757496791775	0.0130438605725745	-0.0005634309686629	-0.000180368384956125	-0.00271609471862803	-0.00404163978100201	-0.00374211772169389	-0.00378696025006814	-0.00368766871198067	-0.00382539858890989	-0.00218189200831343	-0.00358838803042378	-0.00267609953790073	-0.00230022320706991	-0.00244895769190413	-0.00113031266689151	-0.00226664183438453	-0.00256732149663473	-0.00336584056162786	-0.0035851852053018	6.69475117611882e-05	-0.00375653127925546	-0.00376453923396247	0.00378208911116162	-0.000279312270587595	0.000494421692210655	-0.000750226659966401	-0.00314174240701477	-0.000162815392896947	-0.00209235278783623	-0.0033066096312646	-0.00389587204842251	-0.00340266109815837	-0.00335303417038996	-0.00381739014683115	-0.00368286450055115	0.00054704521846032	-0.000850824482304452	-0.00204918463615375	0.00660736152285923	-0.00300090669510329	-0.00264090514192334	-0.00405765932235297	-0.00379656969626331	-0.00351473363679367	-0.000250585425173261	0.00551311901699136	-0.00193727721288668	0.0119818665065611	-0.00144662956613035	0.00168496091222088	-0.00162240386693949	0.00850280003836694	0.0431670549878156	-0.000411784959819192	-0.00310653161949015	-0.00114309162077899	-0.00313374043630976	-0.00339945986634192	-0.00406246533471797	-0.00255292506950557	-0.00411693475611681	-0.00382699988544674	-0.00349231772478206	-0.00362841971567333	-0.00398397035799275	-0.00287609143960125	-0.000333576009546305	0.0060873497460094	0.00543854006785502	-0.00279929017802669	0.00644250899121672	1.27025594099423e-05	-0.00244096026534556	-0.002784890411014	-0.00333542440216149	-0.00351953704055315	-0.00361080509734416	-0.00353234556428314	-0.00386063469785263	-0.00384782096960107	-0.00391669456663446	-0.00147379225923907	-0.00400159155077009	-0.00264250554061173	-0.00195006548609977	0.00844584626334367	-0.00380617923480072	-0.00336744112244452	-0.00400639729367969
368259770	0.0809646680152225	-0.00215435401493935	-0.00430887765749044	-0.00435307502681729	-0.00365492558096577	-0.00443035268977409	-0.00448333786064458	-0.00448304511166109	-0.00457584883366398	-0.00454627888374814	-0.00453134885431705	-0.00389012356053771	0.0225706630121209	-0.00440956882617268	0.00860783671428549	-0.00332445471162241	-0.00404080825590154	-0.00417454131536221	-0.00422370817677268	-0.00333410428688747	0.00338587263841714	-0.00283976645672242	-0.000775604546734397	-0.00259488062303668	-0.00350985582058174	-0.00334755436733845	-0.000839771046624901	-0.00372951555159435	-0.00396648666229928	-0.0024987545222236	-0.00430565798513928	-0.00362860033259645	-0.00123769965330226	-0.00238160376333133	-8.9564703660251e-05	-0.00187634989529902	-0.00227001764277317	-0.00347856364120427	-0.0036291853305868	-0.00241490763856166	-0.00414147243462157	-0.00354085650590175	0.000977191161183824	-0.00229250873701105	-0.00312447028856162	-0.00332211543467179	-0.00323498326226336	-0.00328322675501221	-0.00326948414787749	-0.00291371106723515	-0.00371723043144312	-0.00100137422851203	-0.00372717532690321	-0.00409874759760356	-0.00343206537106309	-0.00298970832617275	-0.00361836392144298	-0.00418068716569492	0.00417703186754535	-0.00384623920979311	-0.00450529327948906	-0.00469794092676677	-0.00465753470608493	-0.00323673756660007	-0.003060740692463	0.000630955105384059	-0.00120852103399808	0.00694941688411155	-0.00398492049093447	0.00433054595626578	-0.00353529952967276	0.0842026386173901	0.05456325741953	-0.00207374848601989	-0.00338936983390025	-0.0020106698666279	-0.00345019590592317	-0.00420907463235406	-0.00472458716083779	-0.00245902137677202	-0.00420995263898058	-0.00453983901972983	-0.00245931353382356	-0.00230039569397394	-0.00456765113618487	-0.00327416246101836	-0.00344610166006854	0.0164367367278308	0.00962668267850392	-0.00216223988235264	0.00935705464509929	0.00208207254472558	-0.00152545027748174	-0.00218794140353284	-0.002708841836383	-0.00301572344328177	-0.00308792801786736	-0.00288945229901915	-0.00370318933794223	-0.00416868815968548	-0.00440664155614474	-0.00380411208476642	-0.00444820859453334	-0.00439815352057884	-0.00422400084984527	0.00479326625331055	-0.00434692911593362	-0.00403466326518103	-0.00447514092150426
368259776	0.0516623744368939	-0.00219765962359929	-0.00379762452136425	-0.0037388516305416	-0.00310341413976945	-0.00397992085818769	-0.00387861082430525	-0.00395797837061955	-0.00385721194344317	-0.00363323390654066	-0.00396637569824574	-0.00424733022680304	0.0625836966600682	-0.00211572845023626	0.0177057576931532	-0.00230096365547364	-0.00382037553636347	-0.00416468840640101	-0.00412567255342579	-0.00332402595074313	0.00907510857271148	-0.00153941942048985	-0.000938866897163664	-0.00314509711372926	-0.00382172994624028	-0.00341688602880727	-0.00332592078481841	-0.00371258197950755	-0.00404358326981425	-0.00254438982492062	-0.00331021912802157	-0.00365923083473621	-0.00224525446275853	-0.00306335776118724	-0.00112361326506097	-0.00247947018606842	-0.00258821328802907	-0.0036310668606057	-0.00384096056700029	-0.00133460233206158	-0.00281899301248904	-0.00403708147591304	-6.79888078493486e-05	-0.0010574361172152	-0.00202352850859429	-0.00231123999246848	-0.00331536247166104	-0.00239372877606861	-0.00371285263239455	-0.00378381115824772	-0.00409993425417975	-0.00221334382094566	-0.00358936462407728	-0.00393684850485049	-0.00403816443926481	-0.0023628965414285	-0.00225417793701799	-0.00369064535717105	0.00220658646283334	-0.00222497250373748	-0.00425383338784623	-0.00411483603024704	-0.0043085713350442	-0.00413000779505975	0.00263348647414467	0.0042242770374872	-0.00184239987186343	0.0392043655106808	0.000427850900000919	0.0020183807828248	-0.00160103507631438	0.00567008659339447	0.0564927495143469	-0.00131866190516785	-0.00259578806851947	0.0019297853147946	-0.00125220086466666	-0.00190160073432592	-0.00416143711044197	-0.000145706031187047	-0.00410562417867321	-0.00437008702481634	-0.00398506764749581	-0.00383175123796929	-0.00444542781386	-0.00277083006283989	0.00943948441666623	0.00212043136541762	0.00602417287046484	-0.00367629218550347	0.000743624911321005	-0.0017426577449808	-0.00331590456085651	-0.00362375586147854	-0.00415954069254182	-0.00416658483406319	-0.00429773183040446	-0.00427767900659704	-0.00423703397472222	-0.00348159596449141	-0.00414220032579073	0.000717740526527779	-0.00373803965098998	-0.00370229023312077	-0.00373803965098998	0.0114106374398416	-0.00375185238185839	-0.0033234838571449	-0.00387454736905247
368260393	0.0855633930040445	-0.00276653964200236	-0.00331393086272642	-0.00372629803050355	-0.00286196841335623	-0.00368324455300824	-0.00376645830703391	-0.00377622740182154	-0.00385221261911036	-0.00369301283490267	-0.00357652387366789	-0.003583035023113	0.0539419642347487	-0.00245971368152936	0.0144610831924416	-0.000574921488566705	-0.00410589913911604	-0.00377369496037609	-0.00387356192863217	-0.00267979465956313	0.00607015200402177	-0.00233000005570067	-0.00064849880500144	-0.00261980088100859	-0.00353022092579057	-0.00327848965810297	-0.00351394349196966	-0.00332948109520377	-0.00341013389431156	-0.00129037016633091	-0.00335298913619391	-0.00155171060877405	-0.000906785741002828	-0.00174089991319414	0.00103954110652312	-0.000977862109027833	-0.0012499474859931	-0.00272135894153473	-0.00293716052760152	0.000196598733314795	-0.00303947456081823	-0.0032264145145686	0.00415765150574033	-0.00164955057684356	-0.0010420872147098	-0.00217212556960279	-0.00332152471410584	-0.0023748009510573	-0.00321665078945267	-0.00187342571620944	-0.00259016654775908	-0.00218513063245568	-0.00234698046614213	-0.00277340779018368	-0.00324268726879032	-0.002039560177861	0.0004999953752246	-0.00374872952683877	0.00216272158534427	-0.00318916829712201	-0.0034976663230993	-0.00376139348003548	-0.00356458637706944	0.00390742557929446	-0.0017755648398187	0.00372860358147297	0.000751435277621355	0.00233139532164715	0.000363081425655661	-0.000955491684491147	-0.00265919428100827	0.0148692163345412	0.0259906933337522	0.000306869951660517	-0.00303477478151225	-0.000792063102964982	-0.00116441702612555	-0.00319495407476328	-0.0040928690727054	-0.00232494150133016	-0.00359461117045869	-0.00366262349284421	-0.00265521874818146	-0.00151163818018894	-0.00380047023388876	-0.00320544044525154	-0.00331465379888818	0.00971252598679505	-6.97607711973104e-05	-0.00295234456310299	0.00232384322650092	0.000708212292939904	-0.00223426095555287	-0.00279256540252464	-0.00346221860618707	-0.00355916001696718	-0.00371616781002551	-0.00368179714927677	-0.0036065490254853	-0.0037020579954098	-0.00249548705127354	-0.0029845200686481	-0.00254318686838362	-0.00374474966017693	-0.00361957275661289	0.0145495442078458	-0.00359388803187713	-0.00310600256570511	-0.00372050917781643
368297838	0.0035865766021102	-0.00228215988099266	0.000103209071030937	-0.00054173620060855	0.000558351054858092	-0.00133519715854937	-0.00126345913171074	-0.00127502994812973	-0.00155970162124252	-0.00108760738462346	-0.000856269823295379	-0.00147174533196615	0.0287124813635441	-0.00280348719280303	0.00998869632331293	0.00533751366417352	-0.00192781144887095	-0.000988124976381627	-0.00123337723205034	-0.00303063861320866	0.00404473968662617	-0.000978871765956127	0.00202171583282487	-6.31886338991362e-05	-0.00178888681971558	-0.00111999851522117	-0.00150877893128371	-0.000877088112173212	-0.00165229533729817	0.00227308853297096	-0.00138148255219325	-0.00102745407111105	-0.00152960981077102	-0.00176341831624255	-0.000532487119771674	-0.00139074048677779	-0.00138842524663592	-0.00227520998003889	-0.00242115305959321	-0.00215476502150177	-0.00230300687708459	-0.00290778487717557	0.00252209285610846	-0.00244663832030961	-0.00200422947055629	-0.00196254637089263	-0.00245127171058184	-0.0026945648468891	-0.00225436256460303	-0.00178888681971558	-0.00217329430138351	-0.00281739238922891	-0.00140694033210182	-0.00220340448925265	0.00343457727863069	-0.00275018273305927	-0.00223814898546263	-0.00330189843995866	0.000304236569498044	-0.00293096372875802	-0.00252541187202702	0.000398959417907101	0.000863203024783532	0.00474654163155047	0.00201018396097251	0.0010294466644535	-0.00165692504852246	0.00127183556884716	-0.00259492345325543	0.000542181757997073	-0.00269688211378322	0.00269497541772783	0.0327309587630098	0.00190407952651793	-0.00131436933053946	-1.23420914779347e-05	-0.00178194034610345	-0.00213623608494766	-0.000576423009931391	-0.000696678003653635	-0.00266212267496158	-0.00194865205760053	-0.00264821863820407	-0.00177962519840152	-0.001937074442738	-0.00284056914568771	-0.00108297931077697	0.016156809249227	0.00306369274563097	-0.000273536616517246	0.00677783875199769	0.00367177887041467	0.000872439120407692	-0.00069436536712853	-0.00144860027833375	-0.00161525642276857	-0.00168007492440104	-0.00177036466119286	-0.00138148255219325	-0.00163840533403246	-0.00177499491907744	-0.000967304375801781	-0.00146248764543839	-0.00248602382098767	-0.000465430850846566	-0.000962677856214045	-0.00219877224730079	-0.00174952776771101	-0.00201580786294448
368297861	0.0400293660999561	-0.0015241286805895	-0.00246348477071044	-0.00267680602132638	-0.00142212838263573	-0.00304121005784408	-0.00310763357885784	-0.00312449280938856	-0.00318518819311763	-0.0029761409353039	-0.00301086677385099	-0.00312482935775596	0.0523817011848007	-0.00263029638087597	0.0203385177102219	-0.000410103094310875	-0.0030442447364573	-0.00275230569346453	-0.00289826506062711	-0.00156183331872218	0.00614789288811699	-0.00177900441132391	0.000425526379702721	-8.96847737309557e-05	-0.00305941726906871	-0.00258783229512853	-0.00248066947643968	-0.00261277172934064	-0.00302704934464432	-0.000479041325659019	-0.00270882520415378	-0.00258412526991493	-0.00198443389540786	-0.00253256470888842	-0.00118618949782437	-0.00236678027484157	-0.00245607165588182	-0.00319901357368651	-0.00330996310707127	-0.00164667619641658	-0.00354876549496646	-0.00322565416191482	0.00351960333635045	0.00191756845414856	0.000145604532675258	-0.000799584447502951	-0.00210063797050836	-0.0020342822993751	-0.00322599174309065	-0.00332783759656846	-0.00361252303997718	-0.00296636355816335	-0.00270073646045519	-0.00313865490253406	-0.00158405394644237	0.000728546463996952	3.23366092889094e-05	-0.00170357818459428	0.00161960584690804	-0.00303750135156986	-0.00271489255355293	-0.00300985524705336	-0.00253829363972902	-0.00161435396646486	0.000256843175272962	0.00186657171338996	-0.00180122886796053	0.0133572697975825	0.000870954640776452	0.000538077152917004	-0.00108220550018133	0.0040235847345208	0.0355870663049975	-0.0017803517873561	-0.000561774273923038	0.000778928808212734	-0.0031288759363118	-0.00318552576063318	-0.0020238407727896	-0.00178338164475376	-0.0036847200241	-0.00350423933418861	-0.00349108407535921	-0.00255244743344144	-0.00340338643923801	-0.00274994674156863	-0.0025352604961241	0.00707853105496848	0.00403396319925785	-0.00233443476151422	0.00345763521716965	0.00112381247239022	-0.0015446643955346	-0.00207268056195031	-0.00304761694524483	-0.0031406782177384	-0.00325701673866804	-0.00315821212317458	-0.00316900206434523	-0.00231927322465382	-0.00365941611446659	-0.00281061939564765	-0.00332648913273987	-0.00298018591370845	-0.00272500388609756	0.0114051075951922	-0.00229939513565282	-0.00257098210977771	-5.30431442509159e-05
368299257	-0.000922992061934975	-0.0036510073292601	0.000971179248900916	-0.000204859668158292	0.00287917740077067	-0.0019654427331083	-0.00208255280295567	-0.00208984182171034	-0.00227331043755557	-0.00189280249886304	-0.00176454161732364	-0.00118684020341344	0.0465706995664743	-0.00331108862316366	0.0172127739206285	0.00621811373412728	-0.00209202863750626	-0.00170794602201761	-0.00105187289304102	-0.00349478145693429	0.0058488760553373	-0.00088561703605675	0.00324902954949854	-0.000241239911243062	-0.00197054434336266	-0.00124680492907088	-0.00102468759536837	-0.00107493301775548	-0.00184567414256675	0.00209913862519017	-0.00152725246993384	-0.00136115992507193	-0.00119776545828221	-0.00179053172630663	0.000113767046536066	-0.00130555853040478	-0.00145780100913599	-0.00242691541508562	-0.00262965132081715	-0.00163435379030078	-0.00290319199743181	-0.00300654866273655	0.00665465981406666	-0.00306686538205652	-0.00187093891228297	-0.00271741960367091	-0.00263038131823105	-0.00326973208257949	-0.00236274865591418	-0.00248768344463885	-0.0028037363397293	-0.00319723985045951	-0.00222592157684815	-0.00277407136242809	0.00168456348916725	-0.00341521802865015	-0.00286379810346083	-0.00387614353526556	4.53947173002816e-05	-0.00349672847007501	-0.00272665876585123	-0.000818150930017536	0.00110488659319865	0.00266711513560527	-0.00118951067728894	-0.000719631019033108	-0.00257227878592501	0.00158652181202489	-0.00311867323021726	-3.46219427174861e-05	-0.00254480848007577	0.00225325941351764	0.0404379312569044	-0.00126040050502541	-0.00220623777152097	-0.000143017886071706	-0.00197516096380716	-0.00289759916462894	-0.00325343316295529	-0.00174705195530708	-0.0029292127162296	-0.00253289692696912	-0.00278525667643033	-0.00190057611197776	-0.00237733183025228	-0.00290708272560891	-0.00226115954069836	0.0163589238499328	0.00831189626449058	-0.000148838395608368	0.00896647772281243	0.00334739180882828	0.0013347152225443	-0.000340926247770434	-0.00157606569052527	-0.00169143009865288	-0.00185393334399168	-0.00189207403757285	-0.00172033364241312	-0.00283194290516353	-0.00283170018946803	-0.00176478407414101	-0.00208133713992805	-0.00198196318270218	-0.000270586754976521	-0.00310699762203372	-0.0033505011412868	-0.00224025918550983	-0.00305130007332623
368299282	0.0276649646807038	-0.00241879481417767	-0.00155219224994788	-0.00177265307716337	0.000552961526670418	-0.00293078210460156	-0.00303603676422953	-0.00297104540501989	-0.00313600344331836	-0.0027527925205935	-0.00278068986137073	-0.00261720309752269	0.0657484357884997	-0.00238490680542532	0.0153112205134361	0.000532547782775428	-0.00338861356004249	-0.00305864235886921	-0.0030593495098242	-0.000816029319419731	0.00554004807291912	-0.00128664634317234	0.00142402663585444	-0.00138185348495358	-0.00261049414339297	-0.00222219128798512	-0.00182133707258506	-0.0022243089726626	-0.00261967404063076	0.000111158507412092	-0.00245409542063306	0.013076718811989	0.00049453562835606	-0.000356203284865296	0.00357100615008785	0.000957278168499978	0.000911189139020461	-0.00135822783556272	-0.00183439129827341	-0.00176242259709589	-0.00315013366712165	-0.00286438555497003	0.0035580221282699	4.42552725924108e-05	-0.00173808173717262	-0.00107792549254541	-0.00273548975052829	-0.00262038088123678	-0.00259954926022264	-0.00302296684266403	-0.00329144788674997	-0.00263944679720708	-0.00262602963386172	-0.00313529623815553	-0.00244032838525162	-0.00219960359575743	0.000318531687361129	-0.00322008151507729	0.000418505989137745	-0.00318616734082082	-0.00316249802646388	-0.00243997502851464	-0.00277503923652632	-0.00237149305682687	-0.00252328982150218	-0.000662026350369381	-0.00290217453472159	0.000260091094775981	-0.00312046002819764	-0.00179734790821647	-0.00312858480614411	0.000577247089207498	0.0271684973335935	0.000140384080601223	-0.0012933454244756	-0.00161285866449137	-0.00343172295482755	-0.00325046539644019	-0.00255012057305569	0.000141791872640952	-0.00139349102254691	-0.000122670856788474	-0.00249010402179234	0.00815476453262908	0.00163675252515275	-0.00377524971629881	-0.0034165286444239	0.00634169754100995	0.00314282059742524	-0.0021304325856374	0.00252162724143322	0.00074405643461304	-0.00157758674387052	-0.0018530890849596	-0.00268287635129407	-0.00282341956407714	-0.00293925787599707	-0.00296186228167715	-0.00283719187453507	-0.00257306958777539	-0.00355045974884243	-0.00289122546006194	-0.00334479966934394	-0.00329710143038798	-0.00207538040757468	0.00641832792241246	-0.00318263413939566	-0.00287321427335308	-0.0025155223449855
