Samples,Actinomycetes,Bacilli,Malasseziomycetes,Gammaproteobacteria,Alphaproteobacteria,Tissierellia,Flavobacteriia,Betaproteobacteria,Saccharomycetes,CFGB2428,Deinococci,Sphingobacteriia,Negativicutes,CFGB87826,Eurotiomycetes,Cyanophyceae,Bacteroidia,Chitinophagia,Clostridia,CFGB73567,CFGB8214,CFGB1672,Halobacteria,Bdellovibrionia,CFGB4355,Fusobacteriia,Erysipelotrichia,Coriobacteriia,Methanobacteria,CFGB38303,CFGB95179,CFGB50354,CFGB8227,CFGB11479,CFGB8921,Cytophagia,CFGB77720,CFGB42285,Myxococcia,CFGB42846,CFGB93492,CFGB1851,CFGB24767,CFGB1354,CFGB3054,Terriglobia,CFGB4690,CFGB26033,CFGB84486,Candidatus Nanoperiomorbia,Spirochaetia,CFGB74764,Epsilonproteobacteria,Holophagae,CFGB1448,CFGB658,CFGB511,CFGB2833,CFGB10325,CFGB4774,CFGB544,CFGB18266,CFGB74620,CFGB3176,CFGB77603,CFGB1479,CFGB31455,CFGB94566,CFGB1337,Fibrobacteria,CFGB653,CFGB94634,CFGB1765,CFGB84085,Candidatus Saccharibacteria unclassified,CFGB29167,CFGB14294,CFGB57268,CFGB73111,CFGB27697,Bacillota unclassified,Rubrobacteria,CFGB84733
368257238,0.442354576998789,0.05636969587356787,0.04276375451299407,0.03535644543111746,0.006455096320675631,0.002101120154003788,0.0,0.0,0.0,0.0,0.0,0.0,0.0,0.0,0.0,0.0,0.0,0.0,0.0,0.0,0.0,0.0,0.0,0.0,0.0,0.0,0.0,0.0,0.0,0.0,0.0,0.0,0.0,0.0,0.0,0.0,0.0,0.0,0.0,0.0,0.0,0.0,0.0,0.0,0.0,0.0,0.0,0.0,0.0,0.0,0.0,0.0,0.0,0.0,0.0,0.0,0.0,0.0,0.0,0.0,0.0,0.0,0.0,0.0,0.0,0.0,0.0,0.0,0.0,0.0,0.0,0.0,0.0,0.0,0.0,0.0,0.0,0.0,0.0,0.0,0.0,0.0,0.0
368257968,0.4791270210786685,0.05540889032385116,0.00863195095770488,0.08249240207444465,0.02733017118744768,0.0,0.004645474753508169,0.003097160319153111,0.001120629690356351,0.0008314542180627239,0.0007686102031787879,0.000230583060953636,0.000147012478792969,0.000137313508208345,0.000129341751563448,8.8885086590598e-05,8.8220773536856e-05,1.461488718231e-05,1.3618417601698e-05,9.698970584624e-06,0.0,0.0,0.0,0.0,0.0,0.0,0.0,0.0,0.0,0.0,0.0,0.0,0.0,0.0,0.0,0.0,0.0,0.0,0.0,0.0,0.0,0.0,0.0,0.0,0.0,0.0,0.0,0.0,0.0,0.0,0.0,0.0,0.0,0.0,0.0,0.0,0.0,0.0,0.0,0.0,0.0,0.0,0.0,0.0,0.0,0.0,0.0,0.0,0.0,0.0,0.0,0.0,0.0,0.0,0.0,0.0,0.0,0.0,0.0,0.0,0.0,0.0,0.0
368258054,0.11406601161353275,0.014487846489113589,0.0,0.061302493527276875,0.012868444979352658,0.0,0.010982072746011288,0.0,0.0,0.0,0.00022908407322786098,0.0,0.0,0.0006445678844765899,0.0,0.0,0.0,0.000468451973184021,0.0,0.0,9.3823783184326e-05,0.0,0.0,0.0,0.0,0.0,0.0,0.0,0.0,0.0,0.0,0.0,0.0,0.0,0.0,0.0,0.0,0.0,0.0,0.0,0.0,0.0,0.0,0.0,0.0,0.0,0.0,0.0,0.0,0.0,0.0,0.0,0.0,0.0,0.0,0.0,0.0,0.0,0.0,0.0,0.0,0.0,0.0,0.0,0.0,0.0,0.0,0.0,0.0,0.0,0.0,0.0,0.0,0.0,0.0,0.0,0.0,0.0,0.0,0.0,0.0,0.0,0.0
368259600,0.40020063260102573,0.037633784093755264,0.005252619894141072,0.19194462322964853,0.028323150914218106,0.0,0.0036304037361765203,0.00059249119315902,0.0,0.0,0.0,0.0,0.0,0.0,0.0007711408219592531,0.0,0.0,0.0,0.0,0.0,0.0,0.0,0.0,0.0,0.0,0.0,0.0,0.0,0.0,0.0,0.0,0.0,0.0,0.0,0.0,0.0,0.0,0.0,0.0,0.0,0.0,0.0,0.0,0.0,0.0,0.0,0.0,0.0,0.0,0.0,0.0,0.0,0.0,0.0,0.0,0.0,0.0,0.0,0.0,0.0,0.0,0.0,0.0,0.0,0.0,0.0,0.0,0.0,0.0,0.0,0.0,0.0,0.0,0.0,0.0,0.0,0.0,0.0,0.0,0.0,0.0,0.0,0.0
368259989,0.2989218054052825,0.03199522788375455,0.004958398125997429,0.06555591039017875,0.02813615758059945,0.0,0.013025217315834716,0.002031447298154033,0.00019412263234704,0.0,0.000274686654339063,0.0,0.000369959645940063,0.00010439344692085101,0.0,0.000563143407886531,0.000325162115398439,2.0744565041231e-05,8.8343233882485e-05,0.0,0.000250946645638861,0.000265432074676273,0.0,0.0,0.0,0.0,0.0,0.0,0.0,0.0,0.0,0.0,0.0,0.0,0.0,0.0,0.0,0.0,0.0,0.0,0.0,0.0,0.0,0.0,0.0,0.0,0.0,0.0,0.0,0.0,0.0,0.0,0.0,0.0,0.0,0.0,0.0,0.0,0.0,0.0,0.0,0.0,0.0,0.0,0.0,0.0,0.0,0.0,0.0,0.0,0.0,0.0,0.0,0.0,0.0,0.0,0.0,0.0,0.0,0.0,0.0,0.0,0.0
368273379,0.3239524023059658,0.02223538567315674,0.024454862407757804,0.2345445446105492,0.06629942017625946,0.0,0.0015715210013881459,0.012528989414615973,9.6529073882104e-05,0.0,0.000176450995268362,0.0,0.0,0.0,0.006104512471598004,0.0,0.0,0.0,0.0,0.0,0.0,0.0,0.0,0.0,0.0,0.0,0.0,0.0,0.0,0.0,0.0,0.0,0.0,0.0,0.0,0.0,0.0,0.0,0.0,0.0,0.0,0.0,0.0,0.0,0.0,0.0,0.0,0.0,0.0,0.0,0.0,0.0,0.0,0.0,0.0,0.0,0.0,0.0,0.0,0.0,0.0,0.0,0.0,0.0,0.0,0.0,0.0,0.0,0.0,0.0,0.0,0.0,0.0,0.0,0.0,0.0,0.0,0.0,0.0,0.0,0.0,0.0,0.0
368281318,0.3593001744073227,0.06887903677221692,0.003134270922679327,0.1200872010546576,0.04146559038959887,0.0,0.001460020571208924,0.00032389003401008497,0.0,0.0,0.000457207196677698,0.0,0.0,0.0,0.0030094582690408252,0.0,0.0,0.0,0.0,0.0,0.0,0.0,0.000792296830606401,0.0,0.0,0.0,0.0,0.0,0.0,0.0,0.0,0.0,0.0,0.0,0.0,0.0,0.0,0.0,0.0,0.0,0.0,0.0,0.0,0.0,0.0,0.0,0.0,0.0,0.0,0.0,0.0,0.0,0.0,0.0,0.0,0.0,0.0,0.0,0.0,0.0,0.0,0.0,0.0,0.0,0.0,0.0,0.0,0.0,0.0,0.0,0.0,0.0,0.0,0.0,0.0,0.0,0.0,0.0,0.0,0.0,0.0,0.0,0.0
368281322,0.21775948507515486,0.0025935600602371273,0.0,0.029784424927651765,0.045690816779129735,0.0,0.002902450527251757,0.0,0.0,0.0,0.000658772699184652,0.0,0.0,0.0,0.0,3.9015536886396e-05,0.0,0.0,0.0,0.0,0.0,0.0,0.0,0.0,0.0,0.0,0.0,0.0,0.0,0.0,0.0,0.0,0.0,0.0,0.0,0.0,0.0,0.0,0.0,0.0,0.0,0.0,0.0,0.0,0.0,0.0,0.0,0.0,0.0,0.0,0.0,0.0,0.0,0.0,0.0,0.0,0.0,0.0,0.0,0.0,0.0,0.0,0.0,0.0,0.0,0.0,0.0,0.0,0.0,0.0,0.0,0.0,0.0,0.0,0.0,0.0,0.0,0.0,0.0,0.0,0.0,0.0,0.0
368281337,0.3873798446751313,0.033335261609470083,0.006083781988698438,0.0687084814743587,0.012400159253000314,0.0,0.000592231972535813,0.000684241530989275,0.0,0.0,0.0,0.0,0.0,0.0,0.0,0.0,0.0,0.0,0.0,0.0,0.0,0.0,0.0,0.0,0.0,0.0,0.0,0.0,0.0,0.0,0.0,0.0,0.0,0.0,0.0,0.0,0.0,0.0,0.0,0.0,0.0,0.0,0.0,0.0,0.0,0.0,0.0,0.0,0.0,0.0,0.0,0.0,0.0,0.0,0.0,0.0,0.0,0.0,0.0,0.0,0.0,0.0,0.0,0.0,0.0,0.0,0.0,0.0,0.0,0.0,0.0,0.0,0.0,0.0,0.0,0.0,0.0,0.0,0.0,0.0,0.0,0.0,0.0
368281369,0.2886587546734071,0.07361779205007907,0.003033591543113491,0.14138389984669955,0.04981679078159194,0.0,0.01093098655184619,0.008241258947667154,0.0,0.00027108911234795496,0.000132574743520091,0.0,3.3215768711427005e-05,0.0,0.0,4.7690001257553e-05,0.000199467611063938,0.0,0.0,0.0,0.0,0.0,0.0,0.000295539608760533,0.0,0.0,0.0,0.0,0.0,0.0,0.0,0.0,0.0,0.0,0.0,0.0,0.0,0.0,0.0,0.0,0.0,0.0,0.0,0.0,0.0,0.0,0.0,0.0,0.0,0.0,0.0,0.0,0.0,0.0,0.0,0.0,0.0,0.0,0.0,0.0,0.0,0.0,0.0,0.0,0.0,0.0,0.0,0.0,0.0,0.0,0.0,0.0,0.0,0.0,0.0,0.0,0.0,0.0,0.0,0.0,0.0,0.0,0.0
368281370,0.3570374515782515,0.09321202014543051,0.003820510725499917,0.07308060234671955,0.02895431370021484,0.0,0.008925731465873409,0.0,0.0,0.0,0.0,0.0,0.0,0.0,0.0,0.0,0.0,0.0,0.0,0.0,0.0,0.0,0.0,0.0,0.0,0.0,0.0,0.0,0.0,0.0,0.0,0.0,0.0,0.0,0.0,0.0,0.0,0.0,0.0,0.0,0.0,0.0,0.0,0.0,0.0,0.0,0.0,0.0,0.0,0.0,0.0,0.0,0.0,0.0,0.0,0.0,0.0,0.0,0.0,0.0,0.0,0.0,0.0,0.0,0.0,0.0,0.0,0.0,0.0,0.0,0.0,0.0,0.0,0.0,0.0,0.0,0.0,0.0,0.0,0.0,0.0,0.0,0.0
368281482,0.2534847659797076,0.08710791401186832,0.0074287107836902766,0.23975220812008505,0.011639462855538272,0.0,0.013520233924126183,0.017479323354210475,1.379153308204e-06,0.0008666336692885721,0.0,0.0,0.0166068447018538,0.0,0.000245554962827369,0.0,0.007182893124994677,0.0,0.0,0.0,0.0,0.0,0.0,0.0,0.001297323545250565,0.00012629103865125199,0.0,0.0,0.0,0.0,0.0,0.0,0.0,0.0,0.0,0.0,0.0,0.0,0.0,0.0,0.0,0.0,0.0,0.0,0.0,0.0,0.0,0.0,0.0,0.0,0.0,0.0,0.0,0.0,0.0,0.0,0.0,0.0,0.0,0.0,0.0,0.0,0.0,0.0,0.0,0.0,0.0,0.0,0.0,0.0,0.0,0.0,0.0,0.0,0.0,0.0,0.0,0.0,0.0,0.0,0.0,0.0,0.0
368281490,0.13195713749839974,0.013476926616747351,0.0,0.04822121472122854,0.04596320861310561,0.0,0.007320998371028186,0.001728015792149416,0.0,0.0,0.002908999019151936,5.5932189120722005e-05,0.0,0.00035011449650074704,0.0,0.003570022961281487,0.0017173020207122069,0.00045604428566177696,0.001271078692201205,0.0,0.001516471324751979,0.0,0.0,0.0,0.0,0.0,0.000714067614441222,0.000296361824608672,0.000275879614508126,0.00014626398751287398,0.000118770559339449,0.000112310785384661,9.6765313103221e-05,9.6634016884628e-05,8.980661351777899e-05,8.7101911414758e-05,1.9405581108081e-05,1.8932914721144998e-05,6.6961071482549995e-06,0.0,0.0,0.0,0.0,0.0,0.0,0.0,0.0,0.0,0.0,0.0,0.0,0.0,0.0,0.0,0.0,0.0,0.0,0.0,0.0,0.0,0.0,0.0,0.0,0.0,0.0,0.0,0.0,0.0,0.0,0.0,0.0,0.0,0.0,0.0,0.0,0.0,0.0,0.0,0.0,0.0,0.0,0.0,0.0
368281495,0.20077972606242003,0.017023499776448844,0.000531279592932437,0.04764741347021404,0.08140151297396589,0.0,0.0034615330178690788,0.001453725017815064,0.0,0.0,0.002830555718156987,0.0,0.0,0.000302672930277188,0.0,0.001084145439792391,0.000357014445139492,0.000153430653952457,0.000154934174126513,0.0,9.615369494080701e-05,0.0,2.856688330706e-05,0.0,0.0,0.0,0.0,7.1667794963327e-05,0.0,0.0,0.0,0.0,0.0,0.0,6.2503481521463e-05,0.0,0.0,3.8124975842129e-05,0.000502533719128465,0.0,0.0,0.0,0.0,0.0,0.0,0.0,0.0,0.0,0.0,0.0,0.0,0.0,0.0,0.0,0.0,0.0,0.0,0.0,0.0,0.0,0.0,0.0,0.0,0.0,0.0,0.0,0.0,0.0,0.0,0.0,0.0,0.0,0.0,0.0,0.0,0.0,0.0,0.0,0.0,0.0,0.0,0.0,0.0
368281511,0.2101454833090834,0.016239039843143222,0.0,0.06582786371786296,0.0642998667261792,0.0,0.008227488468213572,0.001743671387773883,0.0,0.0,0.0043790121075648,0.000184225789178098,0.0,0.00039006780458691295,0.0,0.002256456310024756,0.00016088326710256802,0.00038136126902176297,0.0,0.0,9.7910996937392e-05,0.0,0.000453790638162877,0.0,0.0,0.0,8.001005959008e-05,0.000128946793973507,0.0,0.0,0.0,0.0,0.0,0.0,0.00013697782246894602,5.5128882522433e-05,0.0,9.1756376968924e-05,0.0,1.726295844814e-06,0.0,0.0,0.0,0.0,0.0,0.0,0.0,0.0,0.0,0.0,0.0,0.0,0.0,0.0,0.0,0.0,0.0,0.0,0.0,0.0,0.0,0.0,0.0,0.0,0.0,0.0,0.0,0.0,0.0,0.0,0.0,0.0,0.0,0.0,0.0,0.0,0.0,0.0,0.0,0.0,0.0,0.0,0.0
368281532,0.3472215435219724,0.04332503323753472,0.00647152045449415,0.11170939730624038,0.02568233557334993,0.0,0.0037803968774530773,0.001499140580331177,0.0,0.0,0.0,0.0,0.0,0.0,0.0,3.5837750048239e-05,0.0,0.0,0.0,0.0,0.0,0.0,0.0,0.0,0.0,0.0,0.0,0.0,0.0,0.0,0.0,0.0,0.0,0.0,0.0,0.0,0.0,0.0,0.0,0.0,0.0,0.0,0.0,0.0,0.0,0.0,0.0,0.0,0.0,0.0,0.0,0.0,0.0,0.0,0.0,0.0,0.0,0.0,0.0,0.0,0.0,0.0,0.0,0.0,0.0,0.0,0.0,0.0,0.0,0.0,0.0,0.0,0.0,0.0,0.0,0.0,0.0,0.0,0.0,0.0,0.0,0.0,0.0
368246110,0.11683673321001115,0.0054530549725899866,0.0,0.020797382570781644,0.0287168049171535,0.0,0.004842136649390762,0.0026305133050946224,0.0,0.0,0.0036699457805048053,0.000581293240168235,0.000257457021715174,0.0,0.0,0.005366516461329676,0.002532528739026882,0.000685773145296245,0.001589437192056383,0.0,0.001763405343411495,0.0,0.0,0.0,0.0,0.0,0.0013919630423337682,0.00047526871172711197,5.4893536204480995e-05,0.0,0.0,0.0,0.0,0.0,0.0,0.00011994594112212899,6.606235093006801e-05,0.0,0.0,0.0,0.00011111386422920101,8.6439496945368e-05,0.0,0.0,0.0,0.0,0.0,0.0,0.0,0.0,0.0,0.0,0.0,0.0,0.0,0.0,0.0,0.0,0.0,0.0,0.0,0.0,0.0,0.0,0.0,0.0,0.0,0.0,0.0,0.0,0.0,0.0,0.0,0.0,0.0,0.0,0.0,0.0,0.0,0.0,0.0,0.0,0.0
368253732,0.023711610112203765,0.0035709295115818316,0.000322426747673649,0.4458501843660884,0.03440320799384436,0.0,0.008530577513710452,0.09238046953275467,0.0,0.0,8.0500124726074e-05,0.0,0.0,0.0,0.0,6.1684286193277e-05,0.0,0.0,0.0,0.0,0.0,0.0,0.0,0.0,0.0,0.0,0.0,0.0,0.0,0.0,0.0,0.0,0.0,0.0,0.0,0.0,0.0,0.0,0.0,0.0,0.0,0.0,1.5162277652641e-05,0.0,0.0,0.0,0.0,0.0,0.0,0.0,0.0,0.0,0.0,0.0,0.0,0.0,0.0,0.0,0.0,0.0,0.0,0.0,0.0,0.0,0.0,0.0,0.0,0.0,0.0,0.0,0.0,0.0,0.0,0.0,0.0,0.0,0.0,0.0,0.0,0.0,0.0,0.0,0.0
368258345,0.16689460303202136,0.024809453120802884,0.00243447600625658,0.20035818520974377,0.007035611488445309,0.001075548811222164,0.0037658837383111733,0.013353342378665058,0.0,0.0,3.307423902043e-06,0.0,0.000528848601362619,0.0,0.0,0.000730431847905105,0.002243408671607769,0.0,4.2021244704164995e-05,0.0,0.00012894712930915,0.000220367718191271,0.0,0.0,0.0,0.0,0.0,0.00040422656484844795,0.0,0.0,0.0,0.0,0.0,0.0,0.0,0.0,0.0,0.0,0.0,0.0,0.0,0.0,0.0,0.0,0.0,0.0,0.0,0.0,0.0,0.0,0.0,0.0,0.0,0.0,0.0,0.0,0.0,0.0,0.0,0.0,0.0,0.0,0.0,0.0,0.0,0.0,0.0,0.0,0.0,0.0,0.0,0.0,0.0,0.0,0.0,0.0,0.0,0.0,0.0,0.0,0.0,0.0,0.0
368258351,0.2629234629092327,0.021933018243835773,0.002101566505911763,0.15023029335038143,0.047857375740387544,0.0,0.048520576414176675,0.001482499072196131,0.0,0.00023154209610538399,0.0013648676735566832,0.000161478430930355,0.00030349473264542503,0.0,0.0,0.00011282310789214101,0.01080840794282195,0.000105152739319058,0.02085098110102241,0.0,0.0017530226682886019,0.0,0.0,0.0,0.0,0.0,0.0,0.0,3.5890455935247005e-05,0.0,0.0,0.0,0.0,0.0,0.0,0.0,0.0,0.0,0.0,0.0,0.0,0.0,0.0,0.001029832843271191,0.000609279127551473,0.0,0.0,0.0,0.0,0.0,0.0,0.0,0.0,0.0,0.0,0.0,0.0,0.0,0.0,0.0,0.0,0.0,0.0,0.0,0.0,0.0,0.0,0.0,0.0,0.0,0.0,0.0,0.0,0.0,0.0,0.0,0.0,0.0,0.0,0.0,0.0,0.0,0.0
368258353,0.21666111417206302,0.013479563983512499,0.00040458821339399203,0.09143801979662897,0.05905587610240168,0.0,0.01916588712029692,0.004799296402763219,0.0,0.0,0.0014465237225681979,0.0,0.0018074774222185239,0.0,0.0,0.00101080372143159,0.000506902187835921,0.000710279864119675,0.003064709873130819,0.0,0.000353993848843074,0.0,0.0,0.0,0.0,0.00169324418232226,0.0,0.000185582129608925,0.0,0.0,0.0,0.0,0.0,0.0,0.0,0.0,0.0,0.0,0.0,0.0,0.0,6.626444780556e-06,0.0,0.0,0.0,0.000909698343836429,3.7883259783181996e-05,1.9545928314975e-05,0.0,0.0,0.0,0.0,0.0,0.0,0.0,0.0,0.0,0.0,0.0,0.0,0.0,0.0,0.0,0.0,0.0,0.0,0.0,0.0,0.0,0.0,0.0,0.0,0.0,0.0,0.0,0.0,0.0,0.0,0.0,0.0,0.0,0.0,0.0
368258369,0.25132723428169423,0.013674636330915113,0.00029099603762639903,0.08802619867266853,0.04505163432675342,0.0,0.0040702469913486685,0.00330309055896158,0.0,0.0,0.002126123950755864,0.0,0.000112610495430461,0.0,0.0,0.000250446399176977,0.000697149761751005,0.00034921167864243797,0.000655696281309802,0.0,0.00044559410194775097,0.0,8.2989128336203e-05,0.0,0.0,0.0,0.0,0.000151640035984616,0.0,0.0,0.0,0.0,0.0,0.0,0.0,0.0,0.0,0.0,0.0,0.0,0.0,0.0,0.0,0.0,0.0,0.0,0.0,0.0,0.00019140908362295502,3.0360874178442e-05,0.0,0.0,0.0,0.0,0.0,0.0,0.0,0.0,0.0,0.0,0.0,0.0,0.0,0.0,0.0,0.0,0.0,0.0,0.0,0.0,0.0,0.0,0.0,0.0,0.0,0.0,0.0,0.0,0.0,0.0,0.0,0.0,0.0
368258383,0.3917818802121073,0.01634629602413179,0.003266089610397697,0.1204913979365416,0.06796283534945657,0.0,0.004075192836848955,0.005104454379020671,0.0,0.00011111937224801299,0.0010771114040097922,2.9860271837571e-05,0.000149607304596031,0.0,0.0,8.395142000235299e-05,0.001193737793604898,7.403878877758e-06,0.000136084517554835,8.260526020639e-06,0.0,0.0,0.0,0.0,0.0,6.5472317348774e-05,0.0,0.0,0.0,0.0,0.0,0.0,0.0,0.0,0.0,0.0,0.0,0.0,0.0,0.0,0.0,0.0,0.0,0.0,0.0,0.0,0.0,0.0,0.0,0.0,0.0,0.0,0.0,0.0,0.0,0.0,0.0,0.0,0.0,0.0,0.0,0.0,0.0,0.0,0.0,0.0,0.0,0.0,0.0,0.0,0.0,0.0,0.0,0.0,0.0,0.0,0.0,0.0,0.0,0.0,0.0,0.0,0.0
368258384,0.22073863985331774,0.008230756545782016,0.0,0.038460490096574776,0.01818989211954888,0.0,0.0,0.0,0.0,0.0,0.0,0.0,0.0,0.0,0.0,0.000568828532449568,0.0,0.0,0.0,0.0,0.0,0.0,0.0,0.0,0.0,0.0,0.0,0.0,0.0,0.0,0.0,0.0,0.0,0.0,0.0,0.0,0.0,0.0,0.0,0.0,0.0,0.0,0.0,0.0,0.0,0.0,0.0,0.0,0.0,0.0,0.0,0.0,0.0,0.0,0.0,0.0,0.0,0.0,0.0,0.0,0.0,0.0,0.0,0.0,0.0,0.0,0.0,0.0,0.0,0.0,0.0,0.0,0.0,0.0,0.0,0.0,0.0,0.0,0.0,0.0,0.0,0.0,0.0
368258393,0.35357534591069845,0.034193923724903846,0.008546111958489793,0.12481169757779752,0.03721947295291413,0.0,0.0043206066850094435,0.003939972704171503,0.000722565226371725,0.000218858830613777,0.00126817104353565,3.0768103730001e-05,0.000154068853371566,0.0,0.0,4.0301078355067e-05,0.001292203272979677,5.7369098791561e-05,7.666338276325e-05,0.0,0.00017159354325117698,2.8256421792858e-05,0.0,0.0,0.0,0.0,0.0,3.1453107894676e-05,0.0,0.0,0.00013728625133702002,0.0,0.0,0.0,0.0,0.0,0.0,0.0,0.0,0.0,0.0,0.0,0.0,0.0,0.0,0.0,0.0,0.0,0.0,0.0,0.0,0.0,0.0,0.0,0.0,0.0,0.0,0.0,0.0,0.0,0.0,0.0,0.0,0.0,0.0,0.0,0.0,0.0,0.0,0.0,0.0,0.0,0.0,0.0,0.0,0.0,0.0,0.0,0.0,0.0,0.0,0.0,0.0
368258417,0.2060439863476308,0.009789931055348207,0.0,0.06579834920307201,0.053367381243604725,0.0,0.005818766246213883,0.003377605963573868,0.0,0.0,0.004476819612142801,0.0,0.0004549312606777,0.0,0.0,0.0019371579463080399,0.0033691640142482792,0.000803386190287121,0.0026591421911833107,0.0,0.00030861611343036303,0.0,0.0,0.0,0.0,0.0,4.5011755340268e-05,0.000862120603680049,0.0,0.0,0.0,0.0,0.0,0.0,0.0,0.0,0.0,0.0,0.0,0.0,0.0,0.0,0.0,0.0,0.0,0.0,0.0,0.0,0.0,0.0,0.00011951644853716901,0.0,0.0,0.0,0.0,0.0,0.0,0.0,0.0,0.0,0.0,0.0,0.0,0.0,0.0,0.0,0.0,0.0,0.0,0.0,0.0,0.0,0.0,0.0,0.0,0.0,0.0,0.0,0.0,0.0,0.0,0.0,0.0
368258423,0.2520711284179756,0.0049238424195071065,0.000495316798219513,0.03790365542967346,0.056775678854526876,0.0,0.00215513633325409,0.002865019717325671,0.0,0.0,0.004461544303466259,0.0,0.000516159155740931,0.0,0.0,0.000608414011927837,0.000546471987995764,0.000583403182902136,0.000584134493692361,0.0,0.000452169461596228,0.0,0.0,0.0,0.0,0.0,0.0,0.000713320544785639,0.0,0.0,0.0,0.0,0.0,0.0,0.0,0.0,0.0,0.0,0.0,0.0,0.0,0.0,0.0,0.0,0.0,0.0,0.0,0.0,0.0,0.0,0.0,0.0,0.0,0.0,0.0,0.0,0.0,0.0,0.0,0.0,0.0,0.0,0.0,0.0,0.0,0.0,0.0,0.0,0.0,0.0,0.0,0.0,0.0,0.0,0.0,0.0,0.0,0.0,0.0,0.0,0.0,0.0,0.0
368258424,0.10079780736928048,0.0,0.0,0.010485238640664061,0.16921630669742727,0.0,0.0,0.002543179502146047,0.0,0.0,0.0,0.0,0.0,0.0,0.0,0.0,0.0,0.0,0.0,0.0,0.0,0.0,0.0,0.0,0.0,0.0,0.0,0.0,0.0,0.0,0.0,0.0,0.0,0.0,0.0,0.0,0.0,0.0,0.0,0.0,0.0,0.0,0.0,0.0,0.0,0.0,0.0,0.0,0.0,0.0,0.0,0.000320086413997122,0.0,0.0,0.0,0.0,0.0,0.0,0.0,0.0,0.0,0.0,0.0,0.0,0.0,0.0,0.0,0.0,0.0,0.0,0.0,0.0,0.0,0.0,0.0,0.0,0.0,0.0,0.0,0.0,0.0,0.0,0.0
368258431,0.1840976145571437,0.013123222985048366,8.6576156541833e-05,0.06316611204767787,0.07258646611157399,0.0,0.004207784736679122,0.002072886598456968,0.0,0.0,0.003679433712043476,2.4882262683241e-05,0.000272716657806255,0.0,0.0,0.002687884367613691,0.00156370021018586,0.000759314892719526,0.0008060088409889291,0.0,0.00038830447381706,0.0,0.0,0.0,0.0,0.0,0.000388269179827438,0.0008104558836812529,9.328201456994e-05,8.329381550702001e-06,0.0,0.0,0.0,0.0,0.0,1.588229532972e-06,0.0,0.0,8.389381333059e-05,0.0,0.0,0.0,0.0,0.0,0.0,0.0,0.0,0.0,0.0,0.0,6.6740934374482e-05,0.0,0.0016945703237028259,0.000269857844646904,0.0,0.0,0.0,0.0,0.0,0.0,0.0,0.0,0.0,0.0,0.0,0.0,0.0,0.0,0.0,0.0,0.0,0.0,0.0,0.0,0.0,0.0,0.0,0.0,0.0,0.0,0.0,0.0,0.0
368259698,0.25170019692382245,0.0248197136070302,0.0029981927619899627,0.15326747997409337,0.025230146284777072,0.0,0.00163656141312198,0.012178865771117852,0.000313747662114371,0.0,0.005230276434765186,0.0,0.0,0.0,0.0,0.0,0.0008987877344292391,0.00033552572256624505,0.0,0.0,0.0,0.0,2.9101232427999002e-05,0.0,0.0,0.0,0.0,0.0,0.0,0.0,0.0,0.0,0.0,0.0,0.0,0.0,0.0,0.0,0.0,0.0,0.0,0.0,0.0,0.0,0.0,0.0,0.0,0.0,0.0,0.0,0.0,0.0,0.0,0.0,0.0,0.0,0.0,0.0,0.0,0.0,0.0,0.0,0.0,0.0,0.0,0.0,0.0,0.0,0.0,0.0,0.0,0.0,0.0,0.0,0.0,0.0,0.0,0.0,0.0,0.0,0.0,0.0,0.0
368259701,0.18291070523644615,0.006585970185966072,0.0,0.04864076994420877,0.0427801164314465,0.0,0.0066503703676097335,0.0008135336653541229,0.0,0.0,0.0025776661480702923,0.0,0.0,0.0,0.0,0.000575572920577891,0.002313785366983938,0.001072645159759415,6.4933393819183e-05,0.0,0.001017131847707795,0.0,0.0,0.0,0.0,0.0,0.0,0.000225756110536495,0.0,0.0,0.0,0.0,0.0,0.0,0.0,0.0,0.0,0.0,0.0,0.0,0.0,0.0,0.0,0.0,0.0,0.0,0.0,0.0,0.0,0.0,0.0,0.0,0.0,0.0,0.0,0.0,0.0,0.0,0.0,0.0,0.0,0.0,0.0,0.0,0.0,0.0,0.0,0.0,0.0,0.0,0.0,0.0,0.0,0.0,0.0,0.0,0.0,0.0,0.0,0.0,0.0,0.0,0.0
368259706,0.2085446163605123,0.022923132147426705,0.0014571122831223491,0.2374557402494848,0.053180597521353776,4.2348737579632e-05,0.005950269794061655,0.010762294791815216,0.0,0.000310593697467074,0.001734175360603493,1.9759115348851e-05,0.000166564443436601,0.0,0.00010021083018522301,9.166487671478299e-05,0.000517166267023252,8.7800146164456e-05,0.000371721759551814,0.0,0.0,0.000126610750141678,8.464304233461201e-05,0.000358549015985913,0.0,0.0,0.0,0.0,0.0,2.9121561189079e-05,0.0,0.0,0.0,0.0,0.0,0.0,0.0,0.0,0.0,0.0,0.0,0.0,0.0,0.0,0.0,0.0,0.0,0.0,0.0,0.0,0.0,0.0,0.0,0.0,1.3608206163121001e-05,0.0,0.0,0.0,0.0,0.0,0.0,0.0,0.0,0.0,0.0,0.0,0.0,0.0,0.0,0.0,0.0,0.0,0.0,0.0,0.0,0.0,0.0,0.0,0.0,0.0,0.0,0.0,0.0
368259707,0.3504319185711266,0.08028722028783947,0.006745216599463159,0.0643694992941911,0.03231373081440623,8.8825067891766e-05,0.002855171476117437,0.006085413242065365,0.0,0.0032664774651446323,0.006516769277943288,9.369756531079699e-05,0.000208677303256445,0.0,0.0,0.000268827443808624,0.002034239669586848,0.000159056237586769,0.000208621297538984,0.0,2.2178264114210998e-05,4.9509054234754996e-05,0.003835047508799874,0.0,0.0,0.0,0.0,0.0,0.0,0.0,0.0,0.0,0.0,0.0,0.0,0.0,0.0,0.0,0.0,0.0,0.0,4.3180408161759995e-05,0.0,0.0,0.0,0.000173953758431164,0.0,0.0,0.0,0.0,0.0,0.0,0.0,0.0,0.0,0.0,0.0,0.0,0.0,0.0,0.0,0.0,0.0,0.0,0.0,0.0,0.0,0.0,0.0,0.0,0.0,0.0,0.0,0.0,0.0,0.0,0.0,0.0,0.0,0.0,0.0,0.0,0.0
368259710,0.4879215353816936,0.021576817568199246,0.011225309285354458,0.06847660085365355,0.02495768312207564,0.0,0.000909328487794251,0.00028396968871824803,0.0,0.0,0.010132588919295476,0.0,0.0,0.0,0.0,0.0,0.0,0.0,0.0,0.0,0.0,0.0,0.0,0.0,0.0,0.0,0.0,0.0,0.0,0.0,0.0,0.0,0.0,0.0,0.0,0.0,0.0,0.0,0.0,0.0,0.0,0.0,0.0,0.0,0.0,0.0,0.0,0.0,0.0,0.0,0.0,0.0,0.0,0.0,0.0,0.0,0.0,0.0,0.0,0.0,0.0,0.0,0.0,0.0,0.0,0.0,0.0,0.0,0.0,0.0,0.0,0.0,0.0,0.0,0.0,0.0,0.0,0.0,0.0,0.0,0.0,0.0,0.0
368259717,0.1890595030657362,0.001714018326313363,0.0,0.08858059279876782,0.04401569517193689,0.0,4.749193646403e-05,0.0,0.0,0.0,0.000538641492215167,0.0,0.0,0.0,0.0,0.0,0.0,0.0,0.0,0.0,0.0,0.0,0.0,0.0,0.0,0.0,0.0,0.0,0.0,0.0,0.0,0.0,0.0,0.0,0.0,0.0,0.0,0.0,0.0,0.0,0.0,0.0,0.0,0.0,0.0,0.0,0.0,0.0,0.0,0.0,0.0,0.0,0.0,0.0,0.0,0.0,0.0,0.0,0.0,0.0,0.0,0.0,0.0,0.0,0.0,0.0,0.0,0.0,0.0,0.0,0.0,0.0,0.0,0.0,0.0,0.0,0.0,0.0,0.0,0.0,0.0,0.0,0.0
368259718,0.3158297986147129,0.01868491233287248,0.000572895194853713,0.07213117989833956,0.04796285518823632,0.0,0.0018912763182269779,0.0,0.0,0.0,0.0,0.0,0.0,0.0,0.0,0.0,0.0,0.0,0.0,0.0,0.0,0.0,0.0,0.0,0.0,0.0,0.0,0.0,0.0,0.0,0.0,0.0,0.0,0.0,0.0,0.0,0.0,0.0,0.0,0.0,0.0,0.0,0.0,0.0,0.0,0.0,0.0,0.0,0.0,0.0,0.0,0.0,0.0,0.0,0.0,0.0,0.0,0.0,0.0,0.0,0.0,0.0,0.0,0.0,0.0,0.0,0.0,0.0,0.0,0.0,0.0,0.0,0.0,0.0,0.0,0.0,0.0,0.0,0.0,0.0,0.0,0.0,0.0
368259737,0.3273384531219336,0.04632400921017863,0.001983304094707568,0.11197428534339425,0.03954646534584824,3.7779247907127e-05,0.000935541882680451,0.00148552259587492,0.0,0.0,0.00126044341468175,0.0,0.0,0.0,0.0,2.2295077286037e-05,0.000182298173703971,2.9478455409223002e-05,0.000420360645727196,0.0,0.000149467475170594,0.0,0.000412379114479211,0.0,0.0,0.0,0.0,0.0,0.0,0.0,0.0,0.0,0.0,0.0,0.0,0.0,0.0,0.0,0.0,0.0,0.0,0.0,0.0,0.0,0.0,0.0,0.0,0.0,0.0,0.0,0.0,0.0,0.0,0.0,0.0,0.0,0.0,0.0,0.0,0.0,0.0,0.0,0.0,0.0,0.0,0.0,0.0,0.0,0.0,0.0,0.0,0.0,0.0,0.0,0.0,0.0,0.0,0.0,0.0,0.0,0.0,0.0,0.0
368259760,0.3542047876144679,0.027859876142394123,0.0023021498355152658,0.11138755417406315,0.055962508889344786,1.6814571169631e-05,0.008058217498025478,0.009771254669801856,4.9117833344981e-05,0.0,0.00205595799598858,7.4309556459339e-05,0.0036899847634517453,0.0,0.0,8.515766689135999e-05,0.004573322289019096,0.000102695445423126,0.007685042499163975,0.0,0.0,0.0,0.0,0.0,0.0,0.000125536744610547,0.0,0.0,0.0,0.0,0.0,0.0,0.0,0.0,0.0,0.0,0.0,0.0,0.0,0.0,0.0,0.0,0.0,0.0,0.000115472108820839,0.0,0.0,0.0,0.0,0.0,0.000190685674482847,0.0,0.000193819573052098,0.0,0.0,0.004005122371501938,0.003327838676862797,0.001445269645946009,0.001108797420712842,0.000832291139256677,0.000578806958828467,0.000441216758182341,0.00034599445550127295,0.000340208796604195,0.000304410032178528,0.000290307488616901,0.00025444845691105603,0.000250591350979671,0.000238598162224271,0.000129032246860865,0.000125114873649302,0.00010751682783735699,2.6517603278271997e-05,1.627216564803e-05,0.0,0.0,0.0,0.0,0.0,0.0,0.0,0.0,0.0
368259764,0.33838015548782663,0.03263150245615452,0.003439457876292279,0.11990318467730106,0.0316791069374606,0.0,0.005702417171275553,0.001925473115227148,0.0,0.0,0.000352728587807568,0.0,0.0,0.0,0.0,0.0,0.013861015241457886,0.0,0.017949947025131745,0.0,0.0,0.0,0.0,0.0,0.0,0.0,0.0,0.0,0.0,0.0,0.0,0.0,0.0,0.0,0.0,0.0,0.0,0.0,0.0,0.0,0.0,0.0,0.0,0.000807280994456937,0.0,0.0,0.0,0.0,0.0,0.0,0.0,0.0,0.0,0.0,0.0,0.0,0.0,0.0,0.0,0.0,0.0,0.0,0.0,0.0,0.0,0.0,0.0,0.0,0.0,0.0,0.0,0.0,0.0,0.0,0.0,0.0,0.0,0.0,0.0,0.0,0.0,0.0,0.0
368259770,0.2643243910143383,0.028357158542927655,0.007282836360920747,0.18546869534841398,0.05374538729000768,0.000151769752778897,0.0030589024175059947,0.00776020808423482,0.0,0.00043691460869560396,0.000428356372910928,2.6786166546843e-05,0.000608635053985532,0.0,0.0,0.000501601533717441,0.001743268170970796,3.0898565560257997e-05,0.0,0.0,3.7345028878586e-05,8.630480632209e-05,2.7730906860736e-05,0.0,0.0,0.0,0.0,0.000105922061075276,0.0,0.0,0.0,0.0,0.0,0.0,0.0,8.4304179775023e-05,0.0,0.0,0.001103234394788238,0.0,0.0,0.0,0.0,0.0,0.0,0.0,0.0,0.0,0.0,0.0,0.0,0.0,0.0,0.0,0.0,0.0,0.0,0.0,0.0,0.0,0.0,0.0,0.0,0.0,0.0,0.0,0.0,0.0,0.0,0.000264249423091782,0.0,0.0,0.0,0.0,9.475189618748399e-05,0.0,0.0,0.0,0.0,0.0,0.0,0.0,0.0
368259776,0.31848185236792326,0.0367338210327346,0.006304218009819514,0.20969910934508817,0.03259384044530941,1.0276947542423e-05,0.004941707824362761,0.006739672329772555,4.7374221597998995e-05,0.0,0.001061345491012326,0.000487152379236572,0.00043445169092451197,0.0,0.0,1.6104728770748e-05,0.000536845180463045,6.9432060225639e-05,0.005054127604186586,0.0,0.002963019436560598,0.0,0.0,0.0,0.0,0.0,0.0,1.0527604799555e-05,0.0,0.0,0.0,0.0,0.000165747111278715,0.0,0.0,0.00013027910939449798,0.0,0.0,0.0,0.0,0.0,0.0,0.0,0.0,0.0,0.0,0.0,0.0,0.0,0.0,0.0,0.0,0.0,0.0,0.0,0.0,0.0,0.0,0.0,0.0,0.0,0.0,0.0,0.0,0.0,0.0,0.0,0.0,0.0,0.0,0.0,0.0,0.0,0.0,0.0,0.00016217524536458,0.0,0.0,0.0,0.0,0.0,0.0,0.0
368260393,0.3358484209547084,0.029977943987718178,0.008457161384708782,0.08977505740006012,0.03519817737038187,0.0,0.006724299798104104,0.008554553194236942,0.000357661163039939,0.004004455361281137,0.001531059710764179,0.000116772995570624,0.0018553571607839408,0.0,0.0,0.002052624163010044,0.010102186788329914,0.000173242969387949,0.002210750887016684,0.000370779904567291,0.000162175718305204,0.0,0.0,0.0,0.0,0.0,0.0,0.0016070188438052648,0.0,0.0,0.0,0.0,0.0,0.0,0.0,0.0,0.0,0.0,0.0,0.0,0.0,0.0,0.0,0.0,0.0,0.0,0.0,0.0,0.0,8.4758947316634e-05,0.0,0.0,0.0,0.0,0.0,0.0,0.0,0.0,0.0,0.0,0.0,0.0,0.0,0.0,0.0,0.0,0.0,0.0,0.0,0.0,0.0,0.0,0.0,0.0,0.0,0.0,0.000340223494260784,0.000329426176131277,3.1852088482047e-05,0.0,0.0,0.0,0.0
368297838,0.14136216186816594,0.004458187501320681,0.0,0.06439866273233824,0.04950525543827911,0.0,0.0016325367492234391,0.0,0.0,0.0,0.000742840655512806,0.0,0.0,0.0,0.0,0.0007754722423778431,0.0007538242295757721,0.000108319847841316,0.00016629609834317502,0.0,0.002042545856556997,0.0,0.0,0.0,0.0,0.0,0.0,0.0,0.0,0.0,0.0,0.0,0.0,0.0,0.0,0.0,0.0,0.0,0.0,0.0,0.0,0.0,0.0,0.0,0.0,0.0,0.0,0.0,0.0,0.0,0.0,0.0,0.0,0.0,0.0,0.0,0.0,0.0,0.0,0.0,0.0,0.0,0.0,0.0,0.0,0.0,0.0,0.0,0.0,0.0,0.0,0.0,0.0,0.0,0.0,0.0,0.0,0.0,0.0,0.0,0.0,0.0,0.0
368297861,0.2947147876132816,0.05428094309707669,0.005683580801129544,0.10976820132254586,0.03448788523800044,0.0,0.004688552241962674,0.00422305192471765,0.0,0.00027196516915910197,0.008015659797837223,0.0,0.002085066296886449,0.0,0.0,0.000376408279072213,0.024009746066781554,0.000203583122315937,0.004872039415818578,0.0,0.0018800318005150651,7.870913146845e-06,1.8030531534973e-05,0.0,0.0,0.001619621801720482,0.0044503594306322366,0.002130784579633022,0.0,0.0,0.0,0.0,0.0,0.0,0.0,0.0,5.135631273119e-06,0.0,0.0,0.0,0.0,0.0,0.0,0.0,0.0,0.0,0.0,0.0,0.0,0.0,4.6443969774296005e-05,0.0,0.0,0.0,0.0,0.0,0.0,0.0,0.0,0.0,0.0,0.0,0.0,0.0,0.0,0.0,0.0,0.0,0.0,0.0,0.0,0.0,0.0,0.0,0.0,0.0,0.0,0.0,0.0,0.000279836082305948,0.00010114960724882801,0.0,0.0
368297885,0.3521792676797641,0.03918748474003043,0.025376848486015922,0.016194083432856905,0.003008244884605192,0.0,0.0,0.0,0.0,0.0,0.0,0.0,0.0,0.0,0.0,0.0,0.0,0.0,0.0,0.0,0.0,0.0,0.0,0.0,0.0,0.0,0.0,0.0,0.0,0.0,0.0,0.0,0.0,0.0,0.0,0.0,0.0,0.0,0.0,0.0,0.0,0.0,0.0,0.0,0.0,0.0,0.0,0.0,0.0,0.0,0.0,0.0,0.0,0.0,0.0,0.0,0.0,0.0,0.0,0.0,0.0,0.0,0.0,0.0,0.0,0.0,0.0,0.0,0.0,0.0,0.0,0.0,0.0,0.0,0.0,0.0,0.0,0.0,0.0,0.0,0.0,0.0,0.0
368299257,0.239031835097719,0.015555167878740379,2.8793992478715003e-05,0.06590606359794271,0.056758494950036445,2.3736126579964004e-05,0.006953490316457566,0.002257640173766862,0.0,0.0,0.004688880642436521,9.410816628935699e-05,0.000204186444589731,0.000117167255701773,0.0,0.001525324912772911,0.001614056607437612,0.0006022444733930011,0.0009488476774625219,0.0,0.000828932447374814,2.7559395290831e-05,0.0,3.4966978418136004e-05,0.0,0.0,0.000321194397428551,0.00063052073156712,3.046667253972e-05,0.0,0.0,0.0,2.907277248888e-06,0.0,1.8837563544166e-05,9.159914619785108e-07,1.6925929188733e-05,0.0,0.0,0.0,1.1111374690955999e-05,0.0,0.0,0.0,0.0,0.0,0.0,0.0,0.0,0.0,0.0,0.0,0.0,0.0,0.0,0.0,0.0,0.0,0.0,0.0,0.0,0.0,0.0,0.0,0.0,0.0,0.0,0.0,0.0,0.0,0.0,0.0,0.0,0.0,0.0,0.0,0.0,0.0,0.0,0.0,0.0,2.2820135117986e-05,0.0
368299282,0.29820708978937266,0.023176142798599062,0.002813108186183678,0.0764738399196226,0.025835889027304205,9.6397643700138e-05,0.007440468293928345,0.013092366419270139,0.0,0.000718633733054125,0.003343909949344998,0.0,0.000251899747259879,0.0,0.0,0.00011761696442014901,0.001077404179305136,0.000180227621051085,0.0003808093973851,0.0,6.802932436844899e-05,0.0,8.719956905326599e-05,1.1839105981122e-05,0.0,0.0,0.0,9.8219044620311e-05,3.1646840988e-05,0.0,0.0,0.0,0.0,0.0,0.0,0.0015992810779576088,0.0,0.0,0.0,0.0,0.0,0.0,0.0,0.0,0.0,0.0,0.0,0.0,0.0,0.0,0.0,0.0,0.0,0.0,0.0,0.0,0.0,0.0,0.0,0.0,0.0,0.0,0.0,0.0,0.0,0.0,0.0,0.0,0.0,0.0,0.0,0.0,0.0,0.0,0.0,0.0,0.0,0.0,0.0,0.0,0.0,0.0,0.00024816587537352503
