Species,p-value,P_adj,Log2FC,Over-/under-representation
Kocuria flava,4.18913492456474e-14,6.63853339599803e-12,1.8259878186164933,UP
Deinococcus sp  NW 56,6.09039761100736e-14,6.63853339599803e-12,2.1487193622555525,UP
Paracoccus sp  2251,1.14629016204054e-13,8.32970851082795e-12,1.0556942752281897,UP
Paracoccus pantotrophus,6.212638782765349e-13,3.38588813660712e-11,1.0562723329182455,UP
Paracoccus denitrificans,1.61265869439635e-12,7.031191907568089e-11,1.040328755964557,UP
Micropruina glycogenica,2.1993900086725e-12,7.99111703151009e-11,1.2816059167326177,UP
Paracoccus zhejiangensis,4.0677439257935595e-12,1.26681167974714e-10,0.8308105525114975,NEUTRAL
Paracoccus jeotgali,5.28787215772037e-12,1.4409451629788e-10,0.9135880666227204,NEUTRAL
Paracoccus contaminans,6.0327234154767e-12,1.4612596717488001e-10,1.0855053720316103,UP
Kocuria turfanensis,7.163681307759529e-12,1.56168252509158e-10,1.340912188543907,UP
Propioniciclava sp  HDW11,9.6523763023917e-12,1.61862925686261e-10,1.4181761408944098,UP
Paracoccus aminovorans,9.45020117494995e-12,1.61862925686261e-10,0.95725621137559,NEUTRAL
Rhodobacter sphaeroides,8.77172872709997e-12,1.61862925686261e-10,1.1496527904064635,UP
Ornithinimicrobium sp  AMA3305,1.9413988252761198e-11,3.02303531364424e-10,1.0655648423196222,UP
Nocardioides seonyuensis,2.14023261427181e-11,3.0963483106390203e-10,1.358531561268606,UP
Kocuria rosea,2.2725492188176297e-11,3.0963483106390203e-10,1.3503170980385448,UP
Nocardioides sp  HDW12B,2.6489946894018898e-11,3.39694613111536e-10,1.321677753801584,UP
Tessaracoccus flavus,2.8981465860380898e-11,3.50997753197946e-10,1.3252077589571414,UP
Nocardioides sp  CF8,3.09961813541859e-11,3.55640396590133e-10,1.1801230509216951,UP
Nocardioides sp  zg 579,5.6044131913057096e-11,5.3120090248028e-10,1.1434461248343943,UP
Ornithinimicrobium flavum,5.3732877675252296e-11,5.3120090248028e-10,1.1507662188279202,UP
Phycicoccus sp  HDW14,4.91440403562077e-11,5.3120090248028e-10,0.9973166788178104,NEUTRAL
Exiguobacterium mexicanum,5.482489276911419e-11,5.3120090248028e-10,1.3110371867002757,UP
Ornithinimicrobium sp  HY006,7.8282742451105e-11,7.11068243930871e-10,0.9262647620959809,NEUTRAL
Nocardioides sp  JS614,9.98235241103999e-11,8.56708918418883e-10,1.1238125986455252,UP
Paracoccus sp  AK26,1.02176293022436e-10,8.56708918418883e-10,1.0266805784323123,UP
Nocardioides sp  R 3366,1.23250720494348e-10,9.95135446954367e-10,1.1429095223073809,UP
Geodermatophilus obscurus,1.32336363828263e-10,1.03033311837719e-09,2.6162484222928706,UP
Tessaracoccus sp  T2 5 30,1.48257015636299e-10,1.1144837727142502e-09,1.5574695714607325,UP
Serinicoccus sp  JLT9,1.86704517485137e-10,1.3567194937253302e-09,0.6981737406539512,NEUTRAL
Serinicoccus profundi,3.9327927822836003e-10,2.7323733217395303e-09,0.7324184795913702,NEUTRAL
Serinicoccus chungangensis,4.0108232245717803e-10,2.7323733217395303e-09,0.8729338946296039,NEUTRAL
Paracoccus yeei,3.3215609245446e-09,2.19424327742644e-08,0.6931225271973389,NEUTRAL
Janibacter melonis,5.664128905581131e-09,3.63170618063732e-08,0.6120393997766262,NEUTRAL
Chryseobacterium taklimakanense,1.36811840011489e-08,8.52142317785849e-08,0.5305967657252229,NEUTRAL
Serinicoccus marinus,4.22504601447419e-08,2.55850008654271e-07,0.6285487911518715,NEUTRAL
Chroococcidiopsis thermalis,1.17211993597457e-07,6.90600394709343e-07,1.6087086172526712,UP
Lysobacter oculi,5.04303329843259e-07,2.89310857646922e-06,0.4852876751656882,NEUTRAL
Brevundimonas naejangsanensis,5.40555174565458e-07,3.02156482193e-06,0.2617484563018788,NEUTRAL
Cutibacterium acnes,1.09516004749743e-06,5.96862225886099e-06,-3.5565853203240527,DOWN
Malassezia restricta,9.99746578461046e-06,5.31572570986605e-05,-3.3459401046011745,DOWN
Escherichia coli,1.8480526998891e-05,9.59227353751961e-05,0.4476375760540918,NEUTRAL
Paracoccus sanguinis,2.00888868334163e-05,0.0001018459844112,0.5075374960036987,NEUTRAL
Dietzia lutea,2.26513541321641e-05,0.0001122271636548,-0.0748448977236435,NEUTRAL
Brachybacterium avium,2.36295379006749e-05,0.0001128479803972,-0.270732316993838,NEUTRAL
Thermomonas sp  SY21,2.38119591663889e-05,0.0001128479803972,0.7648514870716401,NEUTRAL
Stenotrophomonas acidaminiphila,3.52785160497842e-05,0.000163632265933,0.1389354521050698,NEUTRAL
Corynebacterium segmentosum,8.11265404849069e-05,0.0003609303229736,-2.275290940079368,DOWN
Staphylococcus haemolyticus,9.34928507481954e-05,0.0004076288292621,-0.3738858747350928,NEUTRAL
Brachybacterium vulturis,0.0001491958918864,0.0006377393025732,-0.2954859953002255,NEUTRAL
Luteimonas sp  YGD11 2,0.0002328636643336,0.0009762361312448,-0.4520304445016627,NEUTRAL
Gordonia sp  JH63,0.0005001264266155,0.0020190289074478,0.271183461985192,NEUTRAL
Gordonia terrae,0.00068762936324,0.0026768428783272,0.4728117641757183,NEUTRAL
Cloacibacterium normanense,0.0007543846728274,0.0028851905030944,0.601199495731187,NEUTRAL
Acinetobacter junii,0.0009361121643665,0.0035184905488259,-2.086073431639811,DOWN
Staphylococcus epidermidis,0.0011082189355543,0.0040947750500143,-2.5330794270324724,DOWN
Dietzia sp  oral taxon 368,0.0015661609689083,0.0056903848537003,-0.1811514534199059,NEUTRAL
Brevibacterium luteolum,0.0021581909720513,0.0075884779339869,-0.5773606608656277,NEUTRAL
Stenotrophomonas maltophilia,0.0044100671644416,0.0147906867976657,-0.0781324568974124,NEUTRAL
Cutibacterium granulosum,0.0046209136197306,0.0152630177136556,-2.670078045757986,DOWN
Staphylococcus arlettae,0.0058831903492866,0.0191423208379774,-1.402397505750189,DOWN
Brachybacterium sp  P6 10 X1,0.0065310531583406,0.020937788066445,-0.3248723478973296,NEUTRAL
Staphylococcus hominis,0.0067483630975416,0.0213209152936823,-1.6682989498033276,DOWN
Micrococcus luteus,0.0075586800580148,0.0232083415865809,-0.5778914168992433,NEUTRAL
Acinetobacter indicus,0.0091015964809837,0.0271801100391023,-1.663815732999483,DOWN
Brevibacterium sp  CS2,0.0157586796667088,0.0464242184776015,-1.269198353879622,DOWN
Thalassiosira pseudonana,0.0204630858771424,0.0594793696162272,-0.1022316357547179,NEUTRAL
Janibacter indicus,0.020852367169648,0.0594926083394277,-0.9389500799864504,NEUTRAL
Pseudomonas putida,0.0210134442299813,0.0594926083394277,-0.4286352299468881,NEUTRAL
Brachybacterium ginsengisoli,0.0268533789113008,0.0750517513161996,-0.3074936161430415,NEUTRAL
Pseudomonas stutzeri,0.0334869731499754,0.0924070904644892,-0.8821008192931417,NEUTRAL
Kocuria sp  KD4,0.0358900005554371,0.096592841001053,0.3605582714719499,NEUTRAL
Pseudomonas oryzihabitans,0.0355216850040374,0.096592841001053,-0.1792328272317362,NEUTRAL
Brachybacterium sp  SGAir0954,0.04668451835624,0.121157440495956,-0.313531328036575,NEUTRAL
Corynebacterium sanguinis,0.0532469585456521,0.136023534982908,-2.211467541985331,NEUTRAL
Brachybacterium faecium,0.0624803488627569,0.156447901441486,-0.3475242752874887,NEUTRAL
Moraxella osloensis,0.070240597034167,0.172050001724139,-1.4216625344418876,NEUTRAL
Acinetobacter baumannii,0.0794811960607476,0.188335877622206,-1.86112727955814,NEUTRAL
Janibacter limosus,0.0818149350123194,0.191781245512749,-0.2972191118274399,NEUTRAL
Corynebacterium ureicelerivorans,0.114518879735406,0.252172886690086,-1.5909001935487614,NEUTRAL
Brevibacterium linens,0.118603297049728,0.258555187568407,-0.8875868775407003,NEUTRAL
Pseudoxanthomonas suwonensis,0.132514568206146,0.28602154325683,-0.1588967927100331,NEUTRAL
Staphylococcus saprophyticus,0.27164772721345,0.512055238567207,-2.210988841514398,NEUTRAL
Acinetobacter schindleri,0.267830116636214,0.512055238567207,-0.7781708474797808,NEUTRAL
Aeromonas caviae,0.272469759971542,0.512055238567207,-1.249836630628785,NEUTRAL
Acinetobacter johnsonii,0.276253709486758,0.514729133915498,-1.5930492623872583,NEUTRAL
Staphylococcus capitis,0.30524794263151,0.55113265340809,-3.3494681536593944,NEUTRAL
Acinetobacter towneri,0.303663341597679,0.55113265340809,-1.6554017501352192,NEUTRAL
Dietzia timorensis,0.33941771337231,0.587246519961616,-1.7005127610533073,NEUTRAL
Paracoccus sp  Arc7 R13,0.358742356134545,0.60624677238241,0.0320866679146174,NEUTRAL
Pseudomonas mendocina,0.3852176276909,0.622296743488316,-1.3025925589532443,NEUTRAL
Rheinheimera sp  LHK132,0.406522561941753,0.639987501430968,-2.396524052088819,NEUTRAL
Kytococcus sedentarius,0.426851559944779,0.649478413793207,-0.0375338756750727,NEUTRAL
Corynebacterium xerosis,0.426064453024818,0.649478413793207,-0.5738758368348016,NEUTRAL
Microbacterium aurum,0.446623651576641,0.662339837032025,-0.1221257018934487,NEUTRAL
Micrococcus sp  KBS0714,0.453547602913393,0.668063361048107,-1.6351712503154603,NEUTRAL
Kocuria palustris,0.468115806659993,0.676559897545163,-0.2805786645583019,NEUTRAL
Aspergillus fumigatus,0.477158344796356,0.684345520826353,-0.8810417038330289,NEUTRAL
Brachybacterium saurashtrense,0.542541621380172,0.730607629334723,-0.3721427277087139,NEUTRAL
Sphingobium yanoikuyae,0.566112937475212,0.757132640304271,-0.4574174941330717,NEUTRAL
Pseudomonas aeruginosa,0.587852135801264,0.774434158175491,-0.518735498006226,NEUTRAL
Aspergillus oryzae,0.594763004299783,0.774434158175491,-0.6428740476286379,NEUTRAL
Corynebacterium jeikeium,0.661848219358086,0.843759718245981,-0.7922177239030521,NEUTRAL
Rothia mucilaginosa,0.73002486070509,0.880086616469437,-1.817412211255176,NEUTRAL
Comamonas aquatica,0.728079255039937,0.880086616469437,-0.8944786451287623,NEUTRAL
Massilia oculi,0.738447895345341,0.88447392732845,-1.3514531044030749,NEUTRAL
Pseudomonas alcaligenes,0.87115846848602,0.930943853578198,-0.4629334852737541,NEUTRAL
Acinetobacter sp  ACNIH1,0.889570739131336,0.94598254210064,-0.9538745724177904,NEUTRAL
Corynebacterium minutissimum,0.916107581934329,0.964789627351129,-1.1198402212245142,NEUTRAL
