feature,metadata,value,coef,stderr,N,N.not.0,pval,qval,Taxa,Log2FC,Mean_rel_abt_on_kiosk
Kocuria.flava,is_kiosk,Kiosk,0.0078445280963053,0.000657402015166,41,41,4.18913492456474e-14,6.63853339599803e-12,Kocuria.flava,1.8259878186164933,0.0092679861538461
Deinococcus.sp..NW.56,is_kiosk,Kiosk,0.0046988501966071,0.0004046287631745,41,41,6.09039761100736e-14,6.63853339599803e-12,Deinococcus.sp..NW.56,2.1487193622555525,0.0043861353076923
Paracoccus.sp..2251,is_kiosk,Kiosk,0.0032509645630788,0.0002887643893655,41,41,1.14629016204054e-13,8.32970851082795e-12,Paracoccus.sp..2251,1.0556942752281897,0.0037852454615384
Paracoccus.pantotrophus,is_kiosk,Kiosk,0.0025164521890895,0.0002369065289603,41,41,6.212638782765349e-13,3.38588813660712e-11,Paracoccus.pantotrophus,1.0562723329182455,0.0023630848461538
Paracoccus.denitrificans,is_kiosk,Kiosk,0.0023945266646013,0.0002331213736675,41,41,1.61265869439635e-12,7.031191907568089e-11,Paracoccus.denitrificans,1.040328755964557,0.0021493157692307
Micropruina.glycogenica,is_kiosk,Kiosk,0.0028397421952277,0.0002795349828612,41,41,2.1993900086725e-12,7.99111703151009e-11,Micropruina.glycogenica,1.2816059167326177,0.0026496725384615
Paracoccus.zhejiangensis,is_kiosk,Kiosk,0.0027524213795475,0.0002769852659001,41,41,4.0677439257935595e-12,1.26681167974714e-10,Paracoccus.zhejiangensis,0.8308105525114975,0.0033504321538461
Paracoccus.jeotgali,is_kiosk,Kiosk,0.0022426650007817,0.0002278398286711,41,41,5.28787215772037e-12,1.4409451629788e-10,Paracoccus.jeotgali,0.9135880666227204,0.0020348541538461
Paracoccus.contaminans,is_kiosk,Kiosk,0.0040173906384543,0.0004089569830933,41,41,6.0327234154767e-12,1.4612596717488001e-10,Paracoccus.contaminans,1.0855053720316103,0.0051883727692307
Kocuria.turfanensis,is_kiosk,Kiosk,0.0027270575616876,0.0002692313565761,41,41,7.163681307759529e-12,1.56168252509158e-10,Kocuria.turfanensis,1.340912188543907,0.0024551292307692
Propioniciclava.sp..HDW11,is_kiosk,Kiosk,0.0048563878182358,0.0005043359013139,41,41,9.6523763023917e-12,1.61862925686261e-10,Propioniciclava.sp..HDW11,1.4181761408944098,0.0057427222307692
Paracoccus.aminovorans,is_kiosk,Kiosk,0.0024687355333119,0.0002561789781518,41,41,9.45020117494995e-12,1.61862925686261e-10,Paracoccus.aminovorans,0.95725621137559,0.0024321523076923
Rhodobacter.sphaeroides,is_kiosk,Kiosk,0.0026208375331652,0.0002701011340879,41,41,8.77172872709997e-12,1.61862925686261e-10,Rhodobacter.sphaeroides,1.1496527904064635,0.0024211758461538
Ornithinimicrobium.sp..AMA3305,is_kiosk,Kiosk,0.0026085011831819,0.0002779885406726,41,41,1.9413988252761198e-11,3.02303531364424e-10,Ornithinimicrobium.sp..AMA3305,1.0655648423196222,0.0025652938461538
Nocardioides.seonyuensis,is_kiosk,Kiosk,0.0029362242417631,0.0003134324695276,41,41,2.14023261427181e-11,3.0963483106390203e-10,Nocardioides.seonyuensis,1.358531561268606,0.002705973
Kocuria.rosea,is_kiosk,Kiosk,0.0027966503059639,0.0002961959060929,41,41,2.2725492188176297e-11,3.0963483106390203e-10,Kocuria.rosea,1.3503170980385448,0.0024958505384615
Nocardioides.sp..HDW12B,is_kiosk,Kiosk,0.0027501460426421,0.0002950628334908,41,41,2.6489946894018898e-11,3.39694613111536e-10,Nocardioides.sp..HDW12B,1.321677753801584,0.0024733356923076
Tessaracoccus.flavus,is_kiosk,Kiosk,0.0030296810363219,0.0003277540019238,41,41,2.8981465860380898e-11,3.50997753197946e-10,Tessaracoccus.flavus,1.3252077589571414,0.0029293461538461
Nocardioides.sp..CF8,is_kiosk,Kiosk,0.0025878787865168,0.0002806684382415,41,41,3.09961813541859e-11,3.55640396590133e-10,Nocardioides.sp..CF8,1.1801230509216951,0.0023170353076923
Nocardioides.sp..zg.579,is_kiosk,Kiosk,0.0024638728040729,0.0002727106038495,41,41,5.6044131913057096e-11,5.3120090248028e-10,Nocardioides.sp..zg.579,1.1434461248343943,0.0021529679230769
Ornithinimicrobium.flavum,is_kiosk,Kiosk,0.0040892044862133,0.000452839856224,41,41,5.3732877675252296e-11,5.3120090248028e-10,Ornithinimicrobium.flavum,1.1507662188279202,0.0052300333076923
Phycicoccus.sp..HDW14,is_kiosk,Kiosk,0.002586888057677,0.0002855000435148,41,41,4.91440403562077e-11,5.3120090248028e-10,Phycicoccus.sp..HDW14,0.9973166788178104,0.0026004339999999
Exiguobacterium.mexicanum,is_kiosk,Kiosk,0.0027039029603511,0.000299310846213,41,41,5.482489276911419e-11,5.3120090248028e-10,Exiguobacterium.mexicanum,1.3110371867002757,0.0024065656923076
Ornithinimicrobium.sp..HY006,is_kiosk,Kiosk,0.0021602464069127,0.0002427004695025,41,41,7.8282742451105e-11,7.11068243930871e-10,Ornithinimicrobium.sp..HY006,0.9262647620959809,0.0018657888461538
Nocardioides.sp..JS614,is_kiosk,Kiosk,0.0024469802629593,0.0002768939642748,41,41,9.98235241103999e-11,8.56708918418883e-10,Nocardioides.sp..JS614,1.1238125986455252,0.0021506313076923
Paracoccus.sp..AK26,is_kiosk,Kiosk,0.0120319705662455,0.0013657485181001,41,41,1.02176293022436e-10,8.56708918418883e-10,Paracoccus.sp..AK26,1.0266805784323123,0.0214475498461538
Nocardioides.sp..R.3366,is_kiosk,Kiosk,0.0023641906604786,0.000269318564408,41,41,1.23250720494348e-10,9.95135446954367e-10,Nocardioides.sp..R.3366,1.1429095223073809,0.0019899068461538
Geodermatophilus.obscurus,is_kiosk,Kiosk,0.0077886205126728,0.0008319917117291,41,41,1.32336363828263e-10,1.03033311837719e-09,Geodermatophilus.obscurus,2.6162484222928706,0.0088277127692307
Tessaracoccus.sp..T2.5.30,is_kiosk,Kiosk,0.0045055605435539,0.0005188885943459,41,41,1.48257015636299e-10,1.1144837727142502e-09,Tessaracoccus.sp..T2.5.30,1.5574695714607325,0.0048269164615384
Serinicoccus.sp..JLT9,is_kiosk,Kiosk,0.0019276916756841,0.0002240214256062,41,41,1.86704517485137e-10,1.3567194937253302e-09,Serinicoccus.sp..JLT9,0.6981737406539512,0.0017012318461538
Serinicoccus.profundi,is_kiosk,Kiosk,0.0025434451637038,0.0003044555296711,41,41,3.9327927822836003e-10,2.7323733217395303e-09,Serinicoccus.profundi,0.7324184795913702,0.0032845683846153
Serinicoccus.chungangensis,is_kiosk,Kiosk,0.0023100620401082,0.0002767371548832,41,41,4.0108232245717803e-10,2.7323733217395303e-09,Serinicoccus.chungangensis,0.8729338946296039,0.0022945841538461
Paracoccus.yeei,is_kiosk,Kiosk,0.0040461404258149,0.0005237118833908,41,41,3.3215609245446e-09,2.19424327742644e-08,Paracoccus.yeei,0.6931225271973389,0.0072374609230769
Janibacter.melonis,is_kiosk,Kiosk,0.0034703031093644,0.0004643011145678,41,41,5.664128905581131e-09,3.63170618063732e-08,Janibacter.melonis,0.6120393997766262,0.0063796542307692
Chryseobacterium.taklimakanense,is_kiosk,Kiosk,0.0017731624364579,0.0002466595232642,41,41,1.36811840011489e-08,8.52142317785849e-08,Chryseobacterium.taklimakanense,0.5305967657252229,0.0015229979230769
Serinicoccus.marinus,is_kiosk,Kiosk,0.002044479050472,0.0002994872992602,41,41,4.22504601447419e-08,2.55850008654271e-07,Serinicoccus.marinus,0.6285487911518715,0.002240867
Chroococcidiopsis.thermalis,is_kiosk,Kiosk,0.0052994144501278,0.0008032753467204,41,41,1.17211993597457e-07,6.90600394709343e-07,Chroococcidiopsis.thermalis,1.6087086172526712,0.0062551851538461
Lysobacter.oculi,is_kiosk,Kiosk,0.0018033809283416,0.0002986537510831,41,41,5.04303329843259e-07,2.89310857646922e-06,Lysobacter.oculi,0.4852876751656882,0.0017328083076923
Brevundimonas.naejangsanensis,is_kiosk,Kiosk,0.0015059440898138,0.0002503069929543,41,41,5.40555174565458e-07,3.02156482193e-06,Brevundimonas.naejangsanensis,0.2617484563018788,0.0012994826153846
Cutibacterium.acnes,is_kiosk,Kiosk,-0.050312860959978,0.0086852611504488,41,41,1.09516004749743e-06,5.96862225886099e-06,Cutibacterium.acnes,-3.5565853203240527,0.0049874603846153
Malassezia.restricta,is_kiosk,Kiosk,-0.0127488117051145,0.0024935100541608,41,41,9.99746578461046e-06,5.31572570986605e-05,Malassezia.restricta,-3.3459401046011745,0.001545649076923
Escherichia.coli,is_kiosk,Kiosk,0.0017273349339993,0.0003525769960805,41,41,1.8480526998891e-05,9.59227353751961e-05,Escherichia.coli,0.4476375760540918,0.0016189165384615
Paracoccus.sanguinis,is_kiosk,Kiosk,0.0050173529434847,0.0010145335130664,41,41,2.00888868334163e-05,0.0001018459844112,Paracoccus.sanguinis,0.5075374960036987,0.0121344296923076
Dietzia.lutea,is_kiosk,Kiosk,0.0012166037696496,0.0002514861246118,41,41,2.26513541321641e-05,0.0001122271636548,Dietzia.lutea,-0.0748448977236435,0.0012120374615384
Brachybacterium.avium,is_kiosk,Kiosk,0.0010555193168372,0.0002192192218032,41,41,2.36295379006749e-05,0.0001128479803972,Brachybacterium.avium,-0.270732316993838,0.001134652
Thermomonas.sp..SY21,is_kiosk,Kiosk,0.0022355145932312,0.0004645296295449,41,41,2.38119591663889e-05,0.0001128479803972,Thermomonas.sp..SY21,0.7648514870716401,0.0022494725384615
Stenotrophomonas.acidaminiphila,is_kiosk,Kiosk,0.0014087823920432,0.0003006675829909,41,41,3.52785160497842e-05,0.000163632265933,Stenotrophomonas.acidaminiphila,0.1389354521050698,0.0012255842307692
Corynebacterium.segmentosum,is_kiosk,Kiosk,-0.0025739295457095,0.0005828131048312,41,41,8.11265404849069e-05,0.0003609303229736,Corynebacterium.segmentosum,-2.275290940079368,0.0010190014615384
Staphylococcus.haemolyticus,is_kiosk,Kiosk,0.0010268523447308,0.0002351005028355,41,41,9.34928507481954e-05,0.0004076288292621,Staphylococcus.haemolyticus,-0.3738858747350928,0.000932222076923
Brachybacterium.vulturis,is_kiosk,Kiosk,0.0009957978710396,0.0002363438872227,41,41,0.0001491958918864,0.0006377393025732,Brachybacterium.vulturis,-0.2954859953002255,0.0012915838461538
Luteimonas.sp..YGD11.2,is_kiosk,Kiosk,0.0011617231469945,0.0002734024779578,41,41,0.0002328636643336,0.0009762361312448,Luteimonas.sp..YGD11.2,-0.4520304445016627,0.001284007
Gordonia.sp..JH63,is_kiosk,Kiosk,0.001497816800167,0.0003879555819458,41,41,0.0005001264266155,0.0020190289074478,Gordonia.sp..JH63,0.271183461985192,0.0017995
Gordonia.terrae,is_kiosk,Kiosk,0.0019045806346006,0.0005092683176043,41,41,0.00068762936324,0.0026768428783272,Gordonia.terrae,0.4728117641757183,0.002708317076923
Cloacibacterium.normanense,is_kiosk,Kiosk,0.0024223417649465,0.0006611090669167,41,41,0.0007543846728274,0.0028851905030944,Cloacibacterium.normanense,0.601199495731187,0.0031089375384615
Acinetobacter.junii,is_kiosk,Kiosk,-0.0084584847193045,0.0023569029064423,41,41,0.0009361121643665,0.0035184905488259,Acinetobacter.junii,-2.086073431639811,0.0030299556153846
Staphylococcus.epidermidis,is_kiosk,Kiosk,-0.0012072938971976,0.0003420527963426,41,41,0.0011082189355543,0.0040947750500143,Staphylococcus.epidermidis,-2.5330794270324724,0.0005208732307692
Dietzia.sp..oral.taxon.368,is_kiosk,Kiosk,0.0010795177842862,0.0003167010956178,41,41,0.0015661609689083,0.0056903848537003,Dietzia.sp..oral.taxon.368,-0.1811514534199059,0.0015782746153846
Brevibacterium.luteolum,is_kiosk,Kiosk,0.0008168676627603,0.0002474390219283,41,41,0.0021581909720513,0.0075884779339869,Brevibacterium.luteolum,-0.5773606608656277,0.001024556076923
Stenotrophomonas.maltophilia,is_kiosk,Kiosk,0.0011303227533434,0.0003733258760365,41,41,0.0044100671644416,0.0147906867976657,Stenotrophomonas.maltophilia,-0.0781324568974124,0.0026869808461538
Cutibacterium.granulosum,is_kiosk,Kiosk,-0.0012542513870209,0.0004166792165632,41,41,0.0046209136197306,0.0152630177136556,Cutibacterium.granulosum,-2.670078045757986,0.0004750459230769
Staphylococcus.arlettae,is_kiosk,Kiosk,-0.0044027522378228,0.0015086596034207,41,41,0.0058831903492866,0.0191423208379774,Staphylococcus.arlettae,-1.402397505750189,0.003647612076923
Brachybacterium.sp..P6.10.X1,is_kiosk,Kiosk,0.0008277061183896,0.0002875792849405,41,41,0.0065310531583406,0.020937788066445,Brachybacterium.sp..P6.10.X1,-0.3248723478973296,0.0018216366923076
Staphylococcus.hominis,is_kiosk,Kiosk,-0.001523060501614,0.0005315066870795,41,41,0.0067483630975416,0.0213209152936823,Staphylococcus.hominis,-1.6682989498033276,0.0013198571538461
Micrococcus.luteus,is_kiosk,Kiosk,-0.0168443253558045,0.0059434395820581,41,41,0.0075586800580148,0.0232083415865809,Micrococcus.luteus,-0.5778914168992433,0.0393405722307692
Acinetobacter.indicus,is_kiosk,Kiosk,-0.0077704363195093,0.0028268393403799,41,41,0.0091015964809837,0.0271801100391023,Acinetobacter.indicus,-1.663815732999483,0.0041881476923076
Brevibacterium.sp..CS2,is_kiosk,Kiosk,-0.0014168430471869,0.0005600632632415,41,41,0.0157586796667088,0.0464242184776015,Brevibacterium.sp..CS2,-1.269198353879622,0.0019211876923076
Thalassiosira.pseudonana,is_kiosk,Kiosk,0.0011499296219159,0.0004745823313227,41,41,0.0204630858771424,0.0594793696162272,Thalassiosira.pseudonana,-0.1022316357547179,0.0019512543846153
Janibacter.indicus,is_kiosk,Kiosk,-0.0063943502577764,0.0026499620708117,41,41,0.020852367169648,0.0594926083394277,Janibacter.indicus,-0.9389500799864504,0.0081635258461538
Pseudomonas.putida,is_kiosk,Kiosk,0.0008191465981702,0.0003396568400794,41,41,0.0210134442299813,0.0594926083394277,Pseudomonas.putida,-0.4286352299468881,0.0012548228461538
Brachybacterium.ginsengisoli,is_kiosk,Kiosk,0.0007890055138058,0.0003426166930368,41,41,0.0268533789113008,0.0750517513161996,Brachybacterium.ginsengisoli,-0.3074936161430415,0.0021070883076923
Pseudomonas.stutzeri,is_kiosk,Kiosk,-0.0274834785204677,0.0124572841611096,41,41,0.0334869731499754,0.0924070904644892,Pseudomonas.stutzeri,-0.8821008192931417,0.0375711482307692
Kocuria.sp..KD4,is_kiosk,Kiosk,0.0016811314213039,0.0007727215588071,41,41,0.0358900005554371,0.096592841001053,Kocuria.sp..KD4,0.3605582714719499,0.0018635022307692
Pseudomonas.oryzihabitans,is_kiosk,Kiosk,0.0010452280932938,0.0004793103490075,41,41,0.0355216850040374,0.096592841001053,Pseudomonas.oryzihabitans,-0.1792328272317362,0.0019891343076923
Brachybacterium.sp..SGAir0954,is_kiosk,Kiosk,0.0007342398148546,0.0003570955997348,41,41,0.04668451835624,0.121157440495956,Brachybacterium.sp..SGAir0954,-0.313531328036575,0.0023108707692307
Corynebacterium.sanguinis,is_kiosk,Kiosk,-0.0018871351550149,0.000945917030912,41,41,0.0532469585456521,0.136023534982908,Corynebacterium.sanguinis,-2.211467541985331,0.0008720364615384
Brachybacterium.faecium,is_kiosk,Kiosk,0.0006847262723469,0.0003567602749664,41,41,0.0624803488627569,0.156447901441486,Brachybacterium.faecium,-0.3475242752874887,0.0022300503846153
Moraxella.osloensis,is_kiosk,Kiosk,-0.0081365890680238,0.0043680365680833,41,41,0.070240597034167,0.172050001724139,Moraxella.osloensis,-1.4216625344418876,0.0055652566923076
Acinetobacter.baumannii,is_kiosk,Kiosk,-0.001086383142245,0.0006028731064408,41,41,0.0794811960607476,0.188335877622206,Acinetobacter.baumannii,-1.86112727955814,0.0008972699999999
Janibacter.limosus,is_kiosk,Kiosk,0.0006935237399005,0.0003879593834331,41,41,0.0818149350123194,0.191781245512749,Janibacter.limosus,-0.2972191118274399,0.0026195815384615
Corynebacterium.ureicelerivorans,is_kiosk,Kiosk,-0.0021609270514251,0.0013376742366945,41,41,0.114518879735406,0.252172886690086,Corynebacterium.ureicelerivorans,-1.5909001935487614,0.0017556189230769
Brevibacterium.linens,is_kiosk,Kiosk,0.0004803274137989,0.0002991696536435,41,41,0.118603297049728,0.258555187568407,Brevibacterium.linens,-0.8875868775407003,0.0008826725384615
Pseudoxanthomonas.suwonensis,is_kiosk,Kiosk,0.001214601479082,0.0007893621897155,41,41,0.132514568206146,0.28602154325683,Pseudoxanthomonas.suwonensis,-0.1588967927100331,0.0024467384615384
Staphylococcus.saprophyticus,is_kiosk,Kiosk,-0.0007672832737556,0.0006878476466373,41,41,0.27164772721345,0.512055238567207,Staphylococcus.saprophyticus,-2.210988841514398,0.0006008146153846
Acinetobacter.schindleri,is_kiosk,Kiosk,-0.0008649602870274,0.0007688270052354,41,41,0.267830116636214,0.512055238567207,Acinetobacter.schindleri,-0.7781708474797808,0.0031704104615384
Aeromonas.caviae,is_kiosk,Kiosk,0.0002670844313987,0.0002398511254604,41,41,0.272469759971542,0.512055238567207,Aeromonas.caviae,-1.249836630628785,0.000751018076923
Acinetobacter.johnsonii,is_kiosk,Kiosk,-0.0028703565301278,0.0025984131791203,41,41,0.276253709486758,0.514729133915498,Acinetobacter.johnsonii,-1.5930492623872583,0.0021164074615384
Staphylococcus.capitis,is_kiosk,Kiosk,-0.0003869490644163,0.0003723284940458,41,41,0.30524794263151,0.55113265340809,Staphylococcus.capitis,-3.3494681536593944,0.0001860599230769
Acinetobacter.towneri,is_kiosk,Kiosk,-0.0005372639096399,0.0005152488398311,41,41,0.303663341597679,0.55113265340809,Acinetobacter.towneri,-1.6554017501352192,0.000856614076923
Dietzia.timorensis,is_kiosk,Kiosk,-0.0009836858571919,0.0010146235203477,41,41,0.33941771337231,0.587246519961616,Dietzia.timorensis,-1.7005127610533073,0.0008453791538461
Paracoccus.sp..Arc7.R13,is_kiosk,Kiosk,0.0013596987550333,0.0014635138875267,41,41,0.358742356134545,0.60624677238241,Paracoccus.sp..Arc7.R13,0.0320866679146174,0.009015780076923
Pseudomonas.mendocina,is_kiosk,Kiosk,-0.0028712026183569,0.0032684675403007,41,41,0.3852176276909,0.622296743488316,Pseudomonas.mendocina,-1.3025925589532443,0.0028740413846153
Rheinheimera.sp..LHK132,is_kiosk,Kiosk,-0.0048127659118205,0.0057323433176495,41,41,0.406522561941753,0.639987501430968,Rheinheimera.sp..LHK132,-2.396524052088819,0.0013918498461538
Kytococcus.sedentarius,is_kiosk,Kiosk,0.0009232662021955,0.0011487890083688,41,41,0.426851559944779,0.649478413793207,Kytococcus.sedentarius,-0.0375338756750727,0.0084731414615384
Corynebacterium.xerosis,is_kiosk,Kiosk,0.0006611498945646,0.0008217275823232,41,41,0.426064453024818,0.649478413793207,Corynebacterium.xerosis,-0.5738758368348016,0.001387031076923
Microbacterium.aurum,is_kiosk,Kiosk,0.0009684479592126,0.0012592953633205,41,41,0.446623651576641,0.662339837032025,Microbacterium.aurum,-0.1221257018934487,0.0031229162307692
Micrococcus.sp..KBS0714,is_kiosk,Kiosk,-0.0002177933807552,0.0002875964034212,41,41,0.453547602913393,0.668063361048107,Micrococcus.sp..KBS0714,-1.6351712503154603,0.000726623076923
Kocuria.palustris,is_kiosk,Kiosk,-0.0014574577008362,0.0019882697126317,41,41,0.468115806659993,0.676559897545163,Kocuria.palustris,-0.2805786645583019,0.0153846526153846
Aspergillus.fumigatus,is_kiosk,Kiosk,0.0003508416972608,0.0004886483111882,41,41,0.477158344796356,0.684345520826353,Aspergillus.fumigatus,-0.8810417038330289,0.0012400226923076
Brachybacterium.saurashtrense,is_kiosk,Kiosk,0.0003241157080706,0.0005274390620412,41,41,0.542541621380172,0.730607629334723,Brachybacterium.saurashtrense,-0.3721427277087139,0.0033077784615384
Sphingobium.yanoikuyae,is_kiosk,Kiosk,0.0004429297430482,0.0007649360635896,41,41,0.566112937475212,0.757132640304271,Sphingobium.yanoikuyae,-0.4574174941330717,0.0017465133846153
Pseudomonas.aeruginosa,is_kiosk,Kiosk,0.0003595304603091,0.0006577113124139,41,41,0.587852135801264,0.774434158175491,Pseudomonas.aeruginosa,-0.518735498006226,0.002173871
Aspergillus.oryzae,is_kiosk,Kiosk,0.0003678243755222,0.0006856425098034,41,41,0.594763004299783,0.774434158175491,Aspergillus.oryzae,-0.6428740476286379,0.0019248053076923
Corynebacterium.jeikeium,is_kiosk,Kiosk,-0.0003151636023637,0.0007149425726099,41,41,0.661848219358086,0.843759718245981,Corynebacterium.jeikeium,-0.7922177239030521,0.002291838076923
Rothia.mucilaginosa,is_kiosk,Kiosk,0.0001108292847502,0.0003187998411832,41,41,0.73002486070509,0.880086616469437,Rothia.mucilaginosa,-1.817412211255176,0.0004649931538461
Comamonas.aquatica,is_kiosk,Kiosk,-0.0005280712693205,0.0015074521145155,41,41,0.728079255039937,0.880086616469437,Comamonas.aquatica,-0.8944786451287623,0.0020932009230769
Massilia.oculi,is_kiosk,Kiosk,-0.0017503236953326,0.0052029909123593,41,41,0.738447895345341,0.88447392732845,Massilia.oculi,-1.3514531044030749,0.001896038
Pseudomonas.alcaligenes,is_kiosk,Kiosk,-0.0003853790355767,0.0023601453471497,41,41,0.87115846848602,0.930943853578198,Pseudomonas.alcaligenes,-0.4629334852737541,0.00442713
Acinetobacter.sp..ACNIH1,is_kiosk,Kiosk,-5.01044677978914e-05,0.0003582827788318,41,41,0.889570739131336,0.94598254210064,Acinetobacter.sp..ACNIH1,-0.9538745724177904,0.0014620964615384
Corynebacterium.minutissimum,is_kiosk,Kiosk,-4.94152607745252e-05,0.0004659694615093,41,41,0.916107581934329,0.964789627351129,Corynebacterium.minutissimum,-1.1198402212245142,0.0012029772307692
